ID,Name,Parameter,Language,,,
1-100-200-1,svját,world,Bulgarian,,,
1-210-200-1,zemjá,"earth, land",Bulgarian,,,
1-212-200-1,zemjá,"earth=ground, soil",Bulgarian,,,
1-212-200-3,póčva,"earth=ground, soil",Bulgarian,,,
1-213-200-1,prax,dust,Bulgarian,,,
1-214-200-1,kal,mud,Bulgarian,,,
1-215-200-1,pjásək,sand,Bulgarian,,,
1-220-200-1,planiná,"mountain, hill",Bulgarian,,,
1-220-200-3,xəlm,"mountain, hill",Bulgarian,,,
1-222-200-1,strə́mna skalá,"cliff, precipice",Bulgarian,,,
1-222-200-3,úrva,"cliff, precipice",Bulgarian,,,
1-222-200-5,própast,"cliff, precipice",Bulgarian,,,
1-222-200-7,[kanará],"cliff, precipice",Bulgarian,,,
1-230-200-1,ravniná,"plain, field",Bulgarian,,,
1-230-200-3,polé,"plain, field",Bulgarian,,,
1-240-200-1,doliná,valley,Bulgarian,,,
1-250-200-1,óstrov,island,Bulgarian,,,
1-260-200-1,zemjá,mainland,Bulgarian,,,
1-260-200-3,súša,mainland,Bulgarian,,,
1-260-200-5,[kontinént],mainland,Bulgarian,,,
1-270-200-1,brjag,shore,Bulgarian,,,
1-280-200-1,pešterá,cave,Bulgarian,,,
1-310-200-1,vodá,water,Bulgarian,,,
1-320-200-1,moré,sea,Bulgarian,,,
1-322-200-1,spokójstvie,calm (of sea),Bulgarian,,,
1-322-200-3,zatíšie,calm (of sea),Bulgarian,,,
1-323-200-1,razvəlnúvan,rough (of sea),Bulgarian,,,
1-324-200-1,pjána,foam,Bulgarian,,,
1-329-200-1,[okeán],ocean,Bulgarian,,,
1-330-200-1,ézero,lake,Bulgarian,,,
1-340-200-1,záliv,"gulf, bay",Bulgarian,,,
1-341-200-1,[lagúna],lagoon,Bulgarian,,,
1-342-200-1,[rif],reef,Bulgarian,,,
1-343-200-1,nos,"headland, point",Bulgarian,,,
1-350-200-1,vəlná,wave,Bulgarian,,,
1-352-200-1,príliv,tide,Bulgarian,,,
1-352-200-3,ótliv,tide,Bulgarian,,,
1-353-200-1,náj-nískata tóčka na ótliva,lowtide,Bulgarian,,,
1-354-200-1,náj-visókata tóčka na príliva,hightide,Bulgarian,,,
1-360-200-1,reká,"river, stream, brook",Bulgarian,,,
1-360-200-3,potók,"river, stream, brook",Bulgarian,,,
1-360-200-5,rúčej,"river, stream, brook",Bulgarian,,,
1-362-200-1,vodo-vərtéž,whirlpool,Bulgarian,,,
1-362-200-3,vərtóp,whirlpool,Bulgarian,,,
1-370-200-1,ízvor,"spring, well",Bulgarian,,,
1-370-200-3,kládenec̷,"spring, well",Bulgarian,,,
1-380-200-1,bláto,swamp,Bulgarian,,,
1-380-200-3,tresávište,swamp,Bulgarian,,,
1-390-200-1,vodopád,waterfall,Bulgarian,,,
1-410-200-1,gorá,"woods, forest",Bulgarian,,,
1-420-200-1,dərvó,tree (cf 08.600),Bulgarian,,,
1-430-200-1,dərvó,wood,Bulgarian,,,
1-440-200-1,kámək,"stone, rock",Bulgarian,,,
1-440-200-3,skalá,"stone, rock",Bulgarian,,,
1-440-200-5,[kanará],"stone, rock",Bulgarian,,,
1-450-200-1,zeme-tresénie,earthquake,Bulgarian,,,
1-510-200-1,nebé,sky,Bulgarian,,,
1-520-200-1,slə́nc̷e,sun,Bulgarian,,,
1-530-200-1,luná,moon,Bulgarian,,,
1-540-200-1,zvezdá,star,Bulgarian,,,
1-550-200-1,mə́lnija,lightning,Bulgarian,,,
1-550-200-3,svet-kávic̷a,lightning,Bulgarian,,,
1-560-200-1,grəm,thunder,Bulgarian,,,
1-560-200-3,grəmotévic̷a,thunder,Bulgarian,,,
1-570-200-1,grəm,lightning (as striking),Bulgarian,,,
1-580-200-1,búrja,storm,Bulgarian,,,
1-590-200-1,dəgá,rainbow,Bulgarian,,,
1-610-200-1,svetliná,light (noun),Bulgarian,,,
1-620-200-1,təmniná,darkness,Bulgarian,,,
1-620-200-3,mrak,darkness,Bulgarian,,,
1-630-200-1,sjánka,"shade, shadow",Bulgarian,,,
1-640-200-1,rosá,dew,Bulgarian,,,
1-710-200-1,və́zdux,air,Bulgarian,,,
1-720-200-1,vjátər,wind,Bulgarian,,,
1-730-200-1,óblak,cloud,Bulgarian,,,
1-740-200-1,məglá,fog,Bulgarian,,,
1-750-200-1,dəžd,rain (noun),Bulgarian,,,
1-760-200-1,snjag,snow (noun),Bulgarian,,,
1-770-200-1,led,ice,Bulgarian,,,
1-780-200-1,vréme,weather,Bulgarian,,,
1-810-200-1,ógən,fire,Bulgarian,,,
1-820-200-1,plámək,flame (noun),Bulgarian,,,
1-830-200-1,dim,smoke (noun),Bulgarian,,,
1-840-200-1,pépel,ashes,Bulgarian,,,
1-841-200-1,žar,embers,Bulgarian,,,
1-841-200-3,žaráva,embers,Bulgarian,,,
1-851-200-1,izgárjam/ izgorjá,burn (vb trans),Bulgarian,,,
1-852-200-1,gorjá,burn (vb intrans),Bulgarian,,,
1-860-200-1,pálja,"light, kindle, ignite",Bulgarian,,,
1-860-200-3,zapálvam/ zapálja,"light, kindle, ignite",Bulgarian,,,
1-870-200-1,[kibrít],match (noun),Bulgarian,,,
1-870-200-3,kléčka [kibrít],match (noun),Bulgarian,,,
1-880-200-1,dərvá za goréne,firewood,Bulgarian,,,
1-890-200-1,də́rveni və́glišta,charcoal,Bulgarian,,,
2-100-200-1,čovék,"person, human being",Bulgarian,,,
2-210-200-1,mə́ž,man (vs. woman),Bulgarian,,,
2-220-200-1,žená,woman,Bulgarian,,,
2-230-200-1,mə́žki,male,Bulgarian,,,
2-240-200-1,žénski,female,Bulgarian,,,
2-250-200-1,momčé,boy,Bulgarian,,,
2-251-200-1,júnoša,young man (adolescent),Bulgarian,,,
2-260-200-1,momíče,girl,Bulgarian,,,
2-261-200-1,devójka,young woman (adolescent),Bulgarian,,,
2-270-200-1,deté,child,Bulgarian,,,
2-280-200-1,[bébe],"infant, baby",Bulgarian,,,
2-280-200-3,pelenáče,"infant, baby",Bulgarian,,,
2-280-200-5,mladenéc̷,"infant, baby",Bulgarian,,,
2-280-200-7,kərmáče,"infant, baby",Bulgarian,,,
2-310-200-1,səprúg,husband,Bulgarian,,,
2-310-200-3,mə́ž,husband,Bulgarian,,,
2-320-200-1,səprúga,wife,Bulgarian,,,
2-320-200-3,žená,wife,Bulgarian,,,
2-330-200-1,ožénvam se,marry,Bulgarian,,,
2-330-200-3,omə́žvam se,marry,Bulgarian,,,
2-340-200-1,brák,"marriage, wedding",Bulgarian,,,
2-340-200-3,ženítba,"marriage, wedding",Bulgarian,,,
2-340-200-5,brakosəčetánie,"marriage, wedding",Bulgarian,,,
2-340-200-7,svátba,"marriage, wedding",Bulgarian,,,
2-340-200-9,venčávane,"marriage, wedding",Bulgarian,,,
2-340-200-11,venčávka,"marriage, wedding",Bulgarian,,,
2-341-200-1,razvód,divorce,Bulgarian,,,
2-350-200-1,baštá,father,Bulgarian,,,
2-360-200-1,májka,mother,Bulgarian,,,
2-370-200-1,rodíteli,parents,Bulgarian,,,
2-380-200-1,ožénen mə́ž,married man,Bulgarian,,,
2-390-200-1,omə́žena žená,married woman,Bulgarian,,,
2-410-200-1,sín,son,Bulgarian,,,
2-420-200-1,dəšterjá,daughter,Bulgarian,,,
2-430-200-1,deté,offspring (son or daughter),Bulgarian,,,
2-430-200-3,potómstvo,offspring (son or daughter),Bulgarian,,,
2-430-200-5,dec̷á,offspring (son or daughter),Bulgarian,,,
2-430-200-7,potómək,offspring (son or daughter),Bulgarian,,,
2-430-200-9,potómka,offspring (son or daughter),Bulgarian,,,
2-440-200-1,brát,brother,Bulgarian,,,
2-444-200-1,báte,older brother,Bulgarian,,,
2-444-200-3,bátjo,older brother,Bulgarian,,,
2-444-200-5,bátko,older brother,Bulgarian,,,
2-444-200-7,baj-,older brother,Bulgarian,,,
2-445-200-1,pó-málək brát,younger brother,Bulgarian,,,
2-450-200-1,sestrá,sister,Bulgarian,,,
2-454-200-1,káka,older sister,Bulgarian,,,
2-454-200-3,pó-goljáma sestrá,older sister,Bulgarian,,,
2-455-200-1,pó-málka sestrá,younger sister,Bulgarian,,,
2-456-200-1,róden brát/ ródna sestrá,sibling,Bulgarian,,,
2-458-200-1,bliznác̷i,twins,Bulgarian,,,
2-460-200-1,djádo,grandfather,Bulgarian,,,
2-461-200-1,stárec̷,old man,Bulgarian,,,
2-461-200-3,djádo,old man,Bulgarian,,,
2-470-200-1,bába,grandmother,Bulgarian,,,
2-471-200-1,staríc̷a,old woman,Bulgarian,,,
2-471-200-3,bába,old woman,Bulgarian,,,
2-480-200-1,vnúk,grandson,Bulgarian,,,
2-490-200-1,vnúčka,granddaughter,Bulgarian,,,
2-510-200-1,číčo,uncle,Bulgarian,,,
2-511-200-1,vújčo,mother's brother,Bulgarian,,,
2-512-200-1,číčo,father's brother,Bulgarian,,,
2-520-200-1,lélja,aunt,Bulgarian,,,
2-521-200-1,vújna,mother's sister,Bulgarian,,,
2-522-200-1,tétka,father's sister,Bulgarian,,,
2-522-200-3,lélja,father's sister,Bulgarian,,,
2-530-200-1,plémennik,nephew,Bulgarian,,,
2-540-200-1,plémennica,niece,Bulgarian,,,
2-550-200-1,bratovčéd/ bratovčédka,cousin,Bulgarian,,,
2-560-200-1,prároditeli,ancestors,Bulgarian,,,
2-560-200-3,práotc̷i,ancestors,Bulgarian,,,
2-570-200-1,potómc̷i,descendants,Bulgarian,,,
2-610-200-1,tə́st,father-in-law (of a man),Bulgarian,,,
2-611-200-1,svékər,father-in-law (of a woman),Bulgarian,,,
2-620-200-1,tə́šta,mother-in-law (of a man),Bulgarian,,,
2-621-200-1,svekə́rva,mother-in-law (of a woman),Bulgarian,,,
2-630-200-1,zét,son-in-law (of a man),Bulgarian,,,
2-631-200-1,zét,son-in-law (of a woman),Bulgarian,,,
2-640-200-1,snaxá,daughter-in-law (of a man),Bulgarian,,,
2-641-200-1,snaxá,daughter-in-law (of a woman),Bulgarian,,,
2-710-200-1,vtóri baštá,stepfather,Bulgarian,,,
2-720-200-1,máštexa,stepmother,Bulgarian,,,
2-730-200-1,dovéden/ zaváren sín,stepson,Bulgarian,,,
2-740-200-1,dovédena/ zavárena dəsterjá,stepdaughter,Bulgarian,,,
2-750-200-1,sirák,orphan,Bulgarian,,,
2-750-200-3,siráče,orphan,Bulgarian,,,
2-760-200-1,vdovíc̷a,widow,Bulgarian,,,
2-770-200-1,vdovéc̷,widower,Bulgarian,,,
2-810-200-1,rodníni,"relatives, kinsmen",Bulgarian,,,
2-810-200-3,ródstvenic̷i,"relatives, kinsmen",Bulgarian,,,
2-820-200-1,seméjstvo,family,Bulgarian,,,
2-820-200-3,[famílija],family,Bulgarian,,,
2-910-200-1,áz,I,Bulgarian,,,
2-920-200-1,tí,you (singular),Bulgarian,,,
2-920-200-3,víe,you (singular),Bulgarian,,,
2-930-200-1,tój/ tjá/ tó,he/she/it,Bulgarian,,,
2-940-200-1,níe,we,Bulgarian,,,
2-941-200-1,níe,we (inclusive),Bulgarian,,,
2-942-200-1,níe,we (exclusive),Bulgarian,,,
2-950-200-1,víe,you (plural),Bulgarian,,,
2-960-200-1,té,they,Bulgarian,,,
3-110-200-1,živótno,animal,Bulgarian,,,
3-110-200-3,dobíče,animal,Bulgarian,,,
3-120-200-1,mə́žki,male (adj),Bulgarian,,,
3-120-200-3,mə́žkár,male (adj),Bulgarian,,,
3-120-200-5,[saméc̷],male (adj),Bulgarian,,,
3-130-200-1,ženská,female (adj),Bulgarian,,,
3-130-200-3,ženski,female (adj),Bulgarian,,,
3-130-200-5,[sámka],female (adj),Bulgarian,,,
3-150-200-1,dobítək,livestock,Bulgarian,,,
3-160-200-1,páša,pasture,Bulgarian,,,
3-160-200-3,pásbište,pasture,Bulgarian,,,
3-160-200-5,pásište,pasture,Bulgarian,,,
3-180-200-1,pastír,herdsman,Bulgarian,,,
3-180-200-3,govedár,herdsman,Bulgarian,,,
3-190-200-1,konjúšna,"stable, stall",Bulgarian,,,
3-190-200-3,obór,"stable, stall",Bulgarian,,,
3-190-200-5,kravárnik,"stable, stall",Bulgarian,,,
3-200-200-1,govéda,cattle (bovine),Bulgarian,,,
3-200-200-3,édər dobítək,cattle (bovine),Bulgarian,,,
3-210-200-1,bík,bull,Bulgarian,,,
3-220-200-1,vól,ox,Bulgarian,,,
3-230-200-1,kráva,cow,Bulgarian,,,
3-240-200-1,telé,calf,Bulgarian,,,
3-250-200-1,ovc̷á,sheep,Bulgarian,,,
3-260-200-1,ovén,ram,Bulgarian,,,
3-260-200-3,[kóč],ram,Bulgarian,,,
3-280-200-1,ovc̷á,ewe,Bulgarian,,,
3-290-200-1,ágne,lamb,Bulgarian,,,
3-320-200-1,nérez,boar,Bulgarian,,,
3-320-200-3,šopár,boar,Bulgarian,,,
3-320-200-5,gligán,boar,Bulgarian,,,
3-340-200-1,svinjá,sow (2),Bulgarian,,,
3-340-200-3,svinjá-májka,sow (2),Bulgarian,,,
3-350-200-1,prasé,pig,Bulgarian,,,
3-360-200-1,kozá,goat,Bulgarian,,,
3-370-200-1,kozél,he-goat,Bulgarian,,,
3-380-200-1,kozlé,kid,Bulgarian,,,
3-380-200-3,járe,kid,Bulgarian,,,
3-410-200-1,kón,horse (equine),Bulgarian,,,
3-420-200-1,žrebéc̷,stallion,Bulgarian,,,
3-440-200-1,kobíla,mare,Bulgarian,,,
3-450-200-1,kónče,"foal, colt",Bulgarian,,,
3-450-200-3,žrebčé,"foal, colt",Bulgarian,,,
3-460-200-1,[magáre],"ass, donkey",Bulgarian,,,
3-460-200-3,osél,"ass, donkey",Bulgarian,,,
3-470-200-1,[katər],mule,Bulgarian,,,
3-470-200-3,[múle],mule,Bulgarian,,,
3-500-200-1,ptíc̷a,fowl,Bulgarian,,,
3-520-200-1,petél,"cock, rooster",Bulgarian,,,
3-540-200-1,kokóška,hen,Bulgarian,,,
3-550-200-1,píle,chicken,Bulgarian,,,
3-560-200-1,gə́ska,goose,Bulgarian,,,
3-570-200-1,pátic̷a,duck,Bulgarian,,,
3-580-200-1,gnezdó,nest,Bulgarian,,,
3-580-200-3,pólog,nest,Bulgarian,,,
3-581-200-1,ptíc̷a,bird,Bulgarian,,,
3-581-200-3,ptíčka,bird,Bulgarian,,,
3-582-200-1,čájka,seagull,Bulgarian,,,
3-583-200-1,čápla,heron,Bulgarian,,,
3-584-200-1,orél,eagle,Bulgarian,,,
3-585-200-1,jástreb,hawk,Bulgarian,,,
3-586-200-1,lešojád,vulture,Bulgarian,,,
3-591-200-1,prílep,bat,Bulgarian,,,
3-592-200-1,[papagál],parrot,Bulgarian,,,
3-593-200-1,vrána,crow,Bulgarian,,,
3-593-200-3,[gárga],crow,Bulgarian,,,
3-594-200-1,gə́ləb,dove,Bulgarian,,,
3-596-200-1,búxal,owl,Bulgarian,,,
3-596-200-3,kukumjávka,owl,Bulgarian,,,
3-596-200-5,sóva,owl,Bulgarian,,,
3-610-200-1,kúče,dog,Bulgarian,,,
3-614-200-1,záek,rabbit,Bulgarian,,,
3-620-200-1,kótka,cat,Bulgarian,,,
3-622-200-1,[opósum],opossum,Bulgarian,,,
3-630-200-1,míška,"mouse, rat",Bulgarian,,,
3-630-200-3,plə́x,"mouse, rat",Bulgarian,,,
3-650-200-1,ríba,fish,Bulgarian,,,
3-652-200-1,pérka,fin (dorsal),Bulgarian,,,
3-653-200-1,ljúspa,fishscale,Bulgarian,,,
3-654-200-1,xrilé,gill,Bulgarian,,,
3-655-200-1,čerúpka,shell,Bulgarian,,,
3-655-200-3,rákovina,shell,Bulgarian,,,
3-655-200-5,rakovína,shell,Bulgarian,,,
3-661-200-1,[akúla],shark,Bulgarian,,,
3-662-200-1,[delfín],"porpoise, dolphin",Bulgarian,,,
3-663-200-1,[kít],whale,Bulgarian,,,
3-665-200-1,zmiórka,freshwater eel,Bulgarian,,,
3-710-200-1,və́lk,wolf,Bulgarian,,,
3-720-200-1,lə́v,lion,Bulgarian,,,
3-730-200-1,méčka,bear,Bulgarian,,,
3-740-200-1,lisíc̷a,fox,Bulgarian,,,
3-750-200-1,elén,deer,Bulgarian,,,
3-750-200-3,sərná,deer,Bulgarian,,,
3-760-200-1,[majmúna],monkey,Bulgarian,,,
3-770-200-1,slón,elephant,Bulgarian,,,
3-780-200-1,[kamíla],camel,Bulgarian,,,
3-810-200-1,[nasekómo],insect,Bulgarian,,,
3-811-200-1,və́ška,louse,Bulgarian,,,
3-812-200-1,gnída,nit (louse egg),Bulgarian,,,
3-813-200-1,bəlxá,flea,Bulgarian,,,
3-814-200-1,sto-nóžka,centipede,Bulgarian,,,
3-815-200-1,[skorpión],scorpion,Bulgarian,,,
3-816-200-1,xlebárka,cockroach,Bulgarian,,,
3-817-200-1,mrávka,ant,Bulgarian,,,
3-818-200-1,pájak,spider,Bulgarian,,,
3-819-200-1,pájažina,spider web,Bulgarian,,,
3-820-200-1,pčelá,bee,Bulgarian,,,
3-821-200-1,pčélen vósək,beeswax,Bulgarian,,,
3-822-200-1,(pčélen) kóšer,beehive,Bulgarian,,,
3-823-200-1,osá,wasp,Bulgarian,,,
3-830-200-1,muxá,fly,Bulgarian,,,
3-831-200-1,mušíc̷a,"sandfly (midge), gnat",Bulgarian,,,
3-831-200-3,mušíčka,"sandfly (midge), gnat",Bulgarian,,,
3-831-200-5,komárče,"sandfly (midge), gnat",Bulgarian,,,
3-832-200-1,komár,mosquito,Bulgarian,,,
3-840-200-1,čérvej,worm,Bulgarian,,,
3-850-200-1,zmíja,snake,Bulgarian,,,
3-910-200-1,svetúlka,firefly,Bulgarian,,,
3-920-200-1,peperúda,butterfly,Bulgarian,,,
3-930-200-1,skakaléc̷,grasshopper,Bulgarian,,,
3-940-200-1,óxljuv,snail,Bulgarian,,,
3-950-200-1,žába,frog,Bulgarian,,,
3-960-200-1,gúšter,lizard,Bulgarian,,,
3-970-200-1,[krokodíl],"crocodile, alligator",Bulgarian,,,
3-970-200-3,[aligátor],"crocodile, alligator",Bulgarian,,,
3-980-200-1,mórska kostenúrka,turtle,Bulgarian,,,
4-110-200-1,tjálo,body,Bulgarian,,,
4-120-200-1,kóža,"skin, hide",Bulgarian,,,
4-130-200-1,plə́t,flesh,Bulgarian,,,
4-140-200-1,kosá,hair (head),Bulgarian,,,
4-142-200-1,bradá,beard,Bulgarian,,,
4-144-200-1,kósmi,body hair,Bulgarian,,,
4-145-200-1,okosménie na pólovite órgani,pubic hair,Bulgarian,,,
4-146-200-1,pə́rxot,dandruff,Bulgarian,,,
4-150-200-1,krə́v,blood,Bulgarian,,,
4-151-200-1,[vena],"vein, artery",Bulgarian,,,
4-151-200-3,[artérija],"vein, artery",Bulgarian,,,
4-160-200-1,kóst,bone,Bulgarian,,,
4-162-200-1,rebró,rib,Bulgarian,,,
4-170-200-1,róg,horn,Bulgarian,,,
4-180-200-1,opáška,tail,Bulgarian,,,
4-190-200-1,grə́b,back,Bulgarian,,,
4-191-200-1,grəbnák,spine,Bulgarian,,,
4-200-200-1,glavá,head,Bulgarian,,,
4-201-200-1,sljápo okó,"side of head, temple",Bulgarian,,,
4-201-200-3,slepoóčie,"side of head, temple",Bulgarian,,,
4-202-200-1,čérep,skull,Bulgarian,,,
4-203-200-1,mózək,brain,Bulgarian,,,
4-204-200-1,lic̷é,face,Bulgarian,,,
4-205-200-1,čélo,forehead,Bulgarian,,,
4-205-200-3,čeló,forehead,Bulgarian,,,
4-207-200-1,čéljust,jaw,Bulgarian,,,
4-208-200-1,búza,cheek,Bulgarian,,,
4-208-200-3,straná,cheek,Bulgarian,,,
4-209-200-1,bradá,chin,Bulgarian,,,
4-209-200-3,bradíčka,chin,Bulgarian,,,
4-210-200-1,okó,eye,Bulgarian,,,
4-212-200-1,véžda,eyebrow,Bulgarian,,,
4-213-200-1,klepáč,eyelid,Bulgarian,,,
4-214-200-1,mígla,eyelash,Bulgarian,,,
4-214-200-3,resníc̷a,eyelash,Bulgarian,,,
4-214-200-5,klépka,eyelash,Bulgarian,,,
4-215-200-1,mígam,blink,Bulgarian,,,
4-215-200-3,mígvam/ mígna,blink,Bulgarian,,,
4-215-200-5,premígvam/ premígna,blink,Bulgarian,,,
4-220-200-1,uxó,ear,Bulgarian,,,
4-222-200-1,úšna kál,earwax,Bulgarian,,,
4-230-200-1,nós,nose,Bulgarian,,,
4-231-200-1,nózdra,nostril,Bulgarian,,,
4-232-200-1,sopól,mucus (nasal),Bulgarian,,,
4-240-200-1,ustá,mouth,Bulgarian,,,
4-241-200-1,kljún,beak,Bulgarian,,,
4-241-200-3,čóvka,beak,Bulgarian,,,
4-250-200-1,ústna,lip,Bulgarian,,,
4-260-200-1,ezík,tongue,Bulgarian,,,
4-270-200-1,zə́b,tooth,Bulgarian,,,
4-271-200-1,venéc̷,gums,Bulgarian,,,
4-272-200-1,kə́tnik,molartooth,Bulgarian,,,
4-272-200-3,kə́ten zə́b,molartooth,Bulgarian,,,
4-280-200-1,vrát,neck,Bulgarian,,,
4-280-200-3,šíja,neck,Bulgarian,,,
4-281-200-1,tíl,nape of neck,Bulgarian,,,
4-290-200-1,gə́rlo,throat,Bulgarian,,,
4-300-200-1,rámo,shoulder,Bulgarian,,,
4-301-200-1,lopátka,shoulderblade,Bulgarian,,,
4-301-200-3,pléška,shoulderblade,Bulgarian,,,
4-302-200-1,kljúčic̷a,collarbone,Bulgarian,,,
4-310-200-1,rəká,arm,Bulgarian,,,
4-312-200-1,míšnic̷a,armpit,Bulgarian,,,
4-312-200-3,podmíšnic̷a,armpit,Bulgarian,,,
4-312-200-5,podmíšnična jámka,armpit,Bulgarian,,,
4-320-200-1,lákət,elbow,Bulgarian,,,
4-321-200-1,kítka,wrist,Bulgarian,,,
4-330-200-1,rəká,hand,Bulgarian,,,
4-331-200-1,dlán,palm of hand,Bulgarian,,,
4-340-200-1,prə́st,finger,Bulgarian,,,
4-342-200-1,pálec̷,thumb,Bulgarian,,,
4-344-200-1,nókət,fingernail,Bulgarian,,,
4-345-200-1,nókət,claw,Bulgarian,,,
4-350-200-1,krák,leg,Bulgarian,,,
4-350-200-3,nogá,leg,Bulgarian,,,
4-351-200-1,bedró,thigh,Bulgarian,,,
4-352-200-1,praséc̷,calf of leg,Bulgarian,,,
4-360-200-1,koljáno,knee,Bulgarian,,,
4-370-200-1,krák,foot,Bulgarian,,,
4-370-200-3,nogá,foot,Bulgarian,,,
4-370-200-5,stəpálo,foot,Bulgarian,,,
4-370-200-7,xodílo,foot,Bulgarian,,,
4-371-200-1,glézen,ankle,Bulgarian,,,
4-372-200-1,petá,heel,Bulgarian,,,
4-374-200-1,sledá,footprint,Bulgarian,,,
4-374-200-3,otpečátək ot stə́pka,footprint,Bulgarian,,,
4-380-200-1,prə́st na krák,toe,Bulgarian,,,
4-392-200-1,kriló,wing,Bulgarian,,,
4-393-200-1,peró,feather,Bulgarian,,,
4-393-200-3,perc̷é,feather,Bulgarian,,,
4-400-200-1,grə́den kóš,chest,Bulgarian,,,
4-400-200-3,gərdí,chest,Bulgarian,,,
4-410-200-1,gərdá,breast (of woman),Bulgarian,,,
4-410-200-3,grə́d,breast (of woman),Bulgarian,,,
4-412-200-1,zərnó,"nipple, teat",Bulgarian,,,
4-420-200-1,víme,udder,Bulgarian,,,
4-430-200-1,pə́p,navel,Bulgarian,,,
4-440-200-1,sərc̷é,heart,Bulgarian,,,
4-441-200-1,bjál drób,lung,Bulgarian,,,
4-450-200-1,čéren drób,liver,Bulgarian,,,
4-451-200-1,bə́brek,kidney,Bulgarian,,,
4-452-200-1,[dalák],spleen,Bulgarian,,,
4-460-200-1,[stomáx],stomach,Bulgarian,,,
4-460-200-3,korém,stomach,Bulgarian,,,
4-461-200-1,červó,"intestines, guts",Bulgarian,,,
4-462-200-1,krə́st,waist,Bulgarian,,,
4-462-200-3,[tálija],waist,Bulgarian,,,
4-463-200-1,[xánš],hip,Bulgarian,,,
4-463-200-3,xə́lbok,hip,Bulgarian,,,
4-463-200-5,bedró,hip,Bulgarian,,,
4-464-200-1,sedálište,buttocks,Bulgarian,,,
4-464-200-3,zádna část,buttocks,Bulgarian,,,
4-464-200-5,zádnik,buttocks,Bulgarian,,,
4-464-200-7,zádnica,buttocks,Bulgarian,,,
4-470-200-1,utróba,womb,Bulgarian,,,
4-470-200-3,mátka,womb,Bulgarian,,,
4-490-200-1,[testíkul],testicle,Bulgarian,,,
4-490-200-3,[téstis],testicle,Bulgarian,,,
4-492-200-1,[pénis],penis,Bulgarian,,,
4-492-200-3,člen,penis,Bulgarian,,,
4-510-200-1,díšam,"breathe, breath",Bulgarian,,,
4-510-200-3,də́x,"breathe, breath",Bulgarian,,,
4-520-200-1,prozjávam se/ prozéja se,"yawn, gape",Bulgarian,,,
4-520-200-3,prozína se,"yawn, gape",Bulgarian,,,
4-520-200-5,prozjávka,"yawn, gape",Bulgarian,,,
4-521-200-1,xə́lc̷am,hiccough,Bulgarian,,,
4-521-200-3,xəlc̷úkam,hiccough,Bulgarian,,,
4-530-200-1,kášljam,cough,Bulgarian,,,
4-540-200-1,kíxam,sneeze,Bulgarian,,,
4-540-200-3,kíxvam/ kíxna,sneeze,Bulgarian,,,
4-550-200-1,potjá se,perspire,Bulgarian,,,
4-560-200-1,pljúja,spit,Bulgarian,,,
4-560-200-3,pljúvam/ pljúna,spit,Bulgarian,,,
4-560-200-5,xráča,spit,Bulgarian,,,
4-570-200-1,povrə́štam/ povə́rna,vomit,Bulgarian,,,
4-580-200-1,xápja,bite,Bulgarian,,,
4-580-200-3,uxápvam/ uxápja,bite,Bulgarian,,,
4-590-200-1,líža,lick,Bulgarian,,,
4-590-200-3,lízvam/ lízna,lick,Bulgarian,,,
4-590-200-5,blízvam/ blízna,lick,Bulgarian,,,
4-591-200-1,ligávja (se),dribble,Bulgarian,,,
4-610-200-1,spjá,sleep,Bulgarian,,,
4-612-200-1,xə́rkam,snore,Bulgarian,,,
4-620-200-1,sənúvam,dream,Bulgarian,,,
4-630-200-1,búdja se,wake up,Bulgarian,,,
4-630-200-3,səbúždam/ səbúdja se,wake up,Bulgarian,,,
4-640-200-1,pərdjá/ izpərdjá,break wind,Bulgarian,,,
4-650-200-1,[uriníram],urinate,Bulgarian,,,
4-650-200-3,pikája/ izpikája,urinate,Bulgarian,,,
4-660-200-1,izxvə́rljam/ izxvə́rlja izpražnénija,defecate,Bulgarian,,,
4-670-200-1,ímam pólovi snošénija,have sexual intercourse,Bulgarian,,,
4-680-200-1,trepérja,shiver,Bulgarian,,,
4-690-200-1,kə́pja (se),bathe,Bulgarian,,,
4-710-200-1,səzdávam/ səzdám,beget (of father),Bulgarian,,,
4-720-200-1,ráždam se/ rodjá se,born (to be),Bulgarian,,,
4-730-200-1,brémenna,pregnant,Bulgarian,,,
4-732-200-1,začévam/ začéna,conceive,Bulgarian,,,
4-740-200-1,ževéja,"live, living, life",Bulgarian,,,
4-740-200-3,žív,"live, living, life",Bulgarian,,,
4-740-200-5,živót,"live, living, life",Bulgarian,,,
4-750-200-1,umíram/ umrá,"die, dead",Bulgarian,,,
4-750-200-3,mə́rtəv,"die, dead",Bulgarian,,,
4-750-200-5,umrjál,"die, dead",Bulgarian,,,
4-751-200-1,udáven,drowned,Bulgarian,,,
4-760-200-1,ubívam/ ubíja,kill,Bulgarian,,,
4-770-200-1,trúp,corpse,Bulgarian,,,
4-780-200-1,pogrébvam/ pogrebá,bury (the dead),Bulgarian,,,
4-790-200-1,grób,"grave, tomb",Bulgarian,,,
4-810-200-1,sílen,"strong, mighty, powerful",Bulgarian,,,
4-810-200-3,móšten,"strong, mighty, powerful",Bulgarian,,,
4-820-200-1,sláb,weak,Bulgarian,,,
4-830-200-1,zdráv,"well, health",Bulgarian,,,
4-830-200-3,zdráve,"well, health",Bulgarian,,,
4-840-200-1,bólen,"sick, sickness",Bulgarian,,,
4-840-200-3,bólest,"sick, sickness",Bulgarian,,,
4-841-200-1,[temperatúra],fever,Bulgarian,,,
4-841-200-3,tréska,fever,Bulgarian,,,
4-842-200-1,[gúša],goiter,Bulgarian,,,
4-843-200-1,prostúda,cold (catarrh),Bulgarian,,,
4-843-200-3,[xréma],cold (catarrh),Bulgarian,,,
4-843-200-5,nastínka,cold (catarrh),Bulgarian,,,
4-850-200-1,rána,"wound, sore",Bulgarian,,,
4-850-200-3,jázva,"wound, sore",Bulgarian,,,
4-852-200-1,natə́rtvane,bruise,Bulgarian,,,
4-852-200-3,natə́rteno mjásto,bruise,Bulgarian,,,
4-852-200-5,[kontúzija],bruise,Bulgarian,,,
4-853-200-1,podutiná,swelling,Bulgarian,,,
4-854-200-1,sərbéž,itch,Bulgarian,,,
4-855-200-1,príška,blister,Bulgarian,,,
4-855-200-3,mexúr,blister,Bulgarian,,,
4-856-200-1,círej,boil (noun),Bulgarian,,,
4-857-200-1,gnój,pus,Bulgarian,,,
4-858-200-1,béleg,scar,Bulgarian,,,
4-860-200-1,lekúvam/ izlekúvam,"cure, heal",Bulgarian,,,
4-870-200-1,lékar,physician,Bulgarian,,,
4-870-200-3,[dóktor],physician,Bulgarian,,,
4-880-200-1,lekárstvo,"medicine, drug",Bulgarian,,,
4-880-200-3,lék,"medicine, drug",Bulgarian,,,
4-890-200-1,otróva,poison,Bulgarian,,,
4-910-200-1,umorén,"tired, weary",Bulgarian,,,
4-910-200-3,izmorén,"tired, weary",Bulgarian,,,
4-912-200-1,počívam (si)/ počína (si),rest,Bulgarian,,,
4-912-200-3,otpočivam si/ otpočina (si),rest,Bulgarian,,,
4-920-200-1,mərzelív,lazy,Bulgarian,,,
4-930-200-1,plešív,bald,Bulgarian,,,
4-940-200-1,[kúc̷],lame,Bulgarian,,,
4-940-200-3,xróm,lame,Bulgarian,,,
4-940-200-5,okuc̷jál,lame,Bulgarian,,,
4-940-200-7,[sakát],lame,Bulgarian,,,
4-940-200-9,osakatjal,lame,Bulgarian,,,
4-950-200-1,glúx,deaf,Bulgarian,,,
4-960-200-1,njám,mute,Bulgarian,,,
4-970-200-1,sljáp,blind,Bulgarian,,,
4-980-200-1,opijanén,intoxicated,Bulgarian,,,
4-980-200-3,piján,intoxicated,Bulgarian,,,
4-990-200-1,gól,"naked, bare",Bulgarian,,,
5-110-200-1,jám,eat,Bulgarian,,,
5-110-200-3,xránja se,eat,Bulgarian,,,
5-120-200-1,xraná,food,Bulgarian,,,
5-121-200-1,sgótven,cooked,Bulgarian,,,
5-122-200-1,suróv,raw,Bulgarian,,,
5-123-200-1,zrjál,ripe,Bulgarian,,,
5-124-200-1,zelén,"green, unripe",Bulgarian,,,
5-124-200-3,neuzrjál,"green, unripe",Bulgarian,,,
5-125-200-1,gníl,rotten,Bulgarian,,,
5-130-200-1,píja,drink,Bulgarian,,,
5-140-200-1,glád,hunger,Bulgarian,,,
5-141-200-1,glád,famine,Bulgarian,,,
5-150-200-1,žážda,thirst,Bulgarian,,,
5-160-200-1,súča,suck,Bulgarian,,,
5-160-200-3,smúča,suck,Bulgarian,,,
5-160-200-5,smúkvam/ smúkna,suck,Bulgarian,,,
5-180-200-1,də́vča,chew,Bulgarian,,,
5-180-200-3,sdə́vkvam/ sdə́vča,chew,Bulgarian,,,
5-181-200-1,gə́ltam,swallow,Bulgarian,,,
5-181-200-3,glə́tvam/ glə́tna,swallow,Bulgarian,,,
5-190-200-1,dušá (se),choke,Bulgarian,,,
5-190-200-3,zadušávam,choke,Bulgarian,,,
5-190-200-5,zadušá (se),choke,Bulgarian,,,
5-190-200-7,zadávjam/ zadávja (se),choke,Bulgarian,,,
5-190-200-9,dávja (se),choke,Bulgarian,,,
5-210-200-1,gótvja,cook,Bulgarian,,,
5-210-200-3,sgótvjam/ sgótvja,cook,Bulgarian,,,
5-220-200-1,várja,boil (vb),Bulgarian,,,
5-220-200-3,svarjávam/ svárja,boil (vb),Bulgarian,,,
5-230-200-1,peká,"roast, fry",Bulgarian,,,
5-230-200-3,izpíčam/ izpeká,"roast, fry",Bulgarian,,,
5-230-200-5,pə́rža,"roast, fry",Bulgarian,,,
5-240-200-1,peká,bake,Bulgarian,,,
5-250-200-1,[fúrna],oven,Bulgarian,,,
5-260-200-1,[téndžera],"pot, cooking vessel",Bulgarian,,,
5-270-200-1,[bakə́r],kettle,Bulgarian,,,
5-270-200-3,kotél,kettle,Bulgarian,,,
5-270-200-5,čájnik,kettle,Bulgarian,,,
5-280-200-1,[tigán],pan,Bulgarian,,,
5-280-200-3,[tavá],pan,Bulgarian,,,
5-280-200-5,tavíčka,pan,Bulgarian,,,
5-280-200-7,[gjuvéč],pan,Bulgarian,,,
5-310-200-1,paníca,dish,Bulgarian,,,
5-310-200-3,činíja,dish,Bulgarian,,,
5-320-200-1,[činíja],plate,Bulgarian,,,
5-320-200-3,plítka činíja,plate,Bulgarian,,,
5-320-200-5,bljúdo,plate,Bulgarian,,,
5-330-200-1,kúpa,bowl,Bulgarian,,,
5-330-200-3,paníca,bowl,Bulgarian,,,
5-340-200-1,[kána],"pitcher, jug",Bulgarian,,,
5-340-200-3,[stómna],"pitcher, jug",Bulgarian,,,
5-350-200-1,čáša,"cup, drinking vessel",Bulgarian,,,
5-350-200-3,čáška,"cup, drinking vessel",Bulgarian,,,
5-360-200-1,činíjka,saucer,Bulgarian,,,
5-360-200-3,podlóžka,saucer,Bulgarian,,,
5-370-200-1,ləžíc̷a,spoon,Bulgarian,,,
5-380-200-1,nóž,knife (2),Bulgarian,,,
5-390-200-1,vílica,fork (2),Bulgarian,,,
5-391-200-1,mašá,tongs,Bulgarian,,,
5-391-200-3,štípci,tongs,Bulgarian,,,
5-410-200-1,jádene,meal (a),Bulgarian,,,
5-420-200-1,zakúska,breakfast,Bulgarian,,,
5-430-200-1,óbed/ objád,lunch,Bulgarian,,,
5-440-200-1,obéd,dinner,Bulgarian,,,
5-440-200-3,večérja,dinner,Bulgarian,,,
5-450-200-1,večérja,supper,Bulgarian,,,
5-460-200-1,obélvam,peel,Bulgarian,,,
5-460-200-3,obélja,peel,Bulgarian,,,
5-460-200-5,bélja (se),peel,Bulgarian,,,
5-470-200-1,presjávam/ preséja,"sieve, strain",Bulgarian,,,
5-470-200-3,cedjá,"sieve, strain",Bulgarian,,,
5-480-200-1,stə́rža,scrape,Bulgarian,,,
5-480-200-3,ostə́rgvam/ ostə́rža,scrape,Bulgarian,,,
5-490-200-1,bə́rkam,"stir, mix",Bulgarian,,,
5-490-200-3,smésvam/ smésja,"stir, mix",Bulgarian,,,
5-510-200-1,xljáb,bread,Bulgarian,,,
5-530-200-1,testó,dough,Bulgarian,,,
5-540-200-1,mésja,knead,Bulgarian,,,
5-540-200-3,zamésvam/ zamésjam/ zamésja,knead,Bulgarian,,,
5-540-200-5,máčkam,knead,Bulgarian,,,
5-550-200-1,brašnó,"meal, flour",Bulgarian,,,
5-560-200-1,smáčkvam/ smáčkam,"crush, grind",Bulgarian,,,
5-560-200-3,mélja,"crush, grind",Bulgarian,,,
5-570-200-1,mélnica,mill,Bulgarian,,,
5-570-200-3,vódenica,mill,Bulgarian,,,
5-580-200-1,[xaván(če)],mortar (2),Bulgarian,,,
5-590-200-1,čúkalo,pestle,Bulgarian,,,
5-610-200-1,mesó,meat,Bulgarian,,,
5-630-200-1,nádenica,sausage,Bulgarian,,,
5-630-200-3,[sudžúk],sausage,Bulgarian,,,
5-630-200-5,[lukánka],sausage,Bulgarian,,,
5-630-200-7,[salám],sausage,Bulgarian,,,
5-640-200-1,[súpa],"soup, broth",Bulgarian,,,
5-640-200-3,[buljón],"soup, broth",Bulgarian,,,
5-650-200-1,zelenčúk,vegetables,Bulgarian,,,
5-650-200-3,zelenčúci,vegetables,Bulgarian,,,
5-660-200-1,bób,bean,Bulgarian,,,
5-660-200-3,[fasúl],bean,Bulgarian,,,
5-700-200-1,[kartóf],potato,Bulgarian,,,
5-710-200-1,plód,fruit,Bulgarian,,,
5-712-200-1,kítka,bunch,Bulgarian,,,
5-712-200-3,vrə́zka,bunch,Bulgarian,,,
5-712-200-5,čépka,bunch,Bulgarian,,,
5-712-200-7,grózd,bunch,Bulgarian,,,
5-750-200-1,smokínja,fig,Bulgarian,,,
5-760-200-1,grózde,grape,Bulgarian,,,
5-770-200-1,órex,nut,Bulgarian,,,
5-780-200-1,maslína,olive,Bulgarian,,,
5-790-200-1,máslo,oil,Bulgarian,,,
5-790-200-3,ólio/ olívija,oil,Bulgarian,,,
5-791-200-1,más,"grease, fat",Bulgarian,,,
5-791-200-3,mazniná,"grease, fat",Bulgarian,,,
5-810-200-1,sól,salt,Bulgarian,,,
5-820-200-1,[pipér],pepper,Bulgarian,,,
5-820-200-3,čér piper,pepper,Bulgarian,,,
5-820-200-5,čúška,pepper,Bulgarian,,,
5-820-200-7,pipérka,pepper,Bulgarian,,,
5-821-200-1,ljúta čúška,chili pepper,Bulgarian,,,
5-821-200-3,ljúta pipérka,chili pepper,Bulgarian,,,
5-821-200-5,ljút červén pipér,chili pepper,Bulgarian,,,
5-840-200-1,méd,honey,Bulgarian,,,
5-850-200-1,záxar,sugar,Bulgarian,,,
5-860-200-1,mljáko,milk (noun),Bulgarian,,,
5-870-200-1,dojá,milk (vb),Bulgarian,,,
5-880-200-1,sírene,cheese,Bulgarian,,,
5-880-200-3,[kaškavál],cheese,Bulgarian,,,
5-890-200-1,máslo,butter,Bulgarian,,,
5-900-200-1,pitié,"beverage, drink",Bulgarian,,,
5-900-200-3,napítka,"beverage, drink",Bulgarian,,,
5-910-200-1,medovína,mead,Bulgarian,,,
5-920-200-1,víno,wine,Bulgarian,,,
5-930-200-1,[bíra],beer,Bulgarian,,,
5-940-200-1,[bozá],fermented drink,Bulgarian,,,
5-940-200-3,[fermentírala] napítka,fermented drink,Bulgarian,,,
5-970-200-1,jajcé,egg,Bulgarian,,,
5-971-200-1,žəltə́k,egg yolk,Bulgarian,,,
6-110-200-1,oblíčam/ obleká (se),put on (clothes),Bulgarian,,,
6-120-200-1,oblekló,"clothing, clothes",Bulgarian,,,
6-120-200-3,dréxi,"clothing, clothes",Bulgarian,,,
6-130-200-1,šiváč,tailor,Bulgarian,,,
6-130-200-3,krojáč,tailor,Bulgarian,,,
6-210-200-1,plát,cloth,Bulgarian,,,
6-210-200-3,platnó,cloth,Bulgarian,,,
6-210-200-5,tə́kan,cloth,Bulgarian,,,
6-210-200-7,súkno,cloth,Bulgarian,,,
6-210-200-9,kə́rpa,cloth,Bulgarian,,,
6-220-200-1,və́lna,wool,Bulgarian,,,
6-230-200-1,lén,"linen, flax",Bulgarian,,,
6-240-200-1,[pamúk],cotton,Bulgarian,,,
6-250-200-1,koprína,silk,Bulgarian,,,
6-270-200-1,[fílc],felt,Bulgarian,,,
6-270-200-3,[fjótər],felt,Bulgarian,,,
6-270-200-5,plə́st,felt,Bulgarian,,,
6-270-200-7,[kečé],felt,Bulgarian,,,
6-280-200-1,kóža (s kózina),fur,Bulgarian,,,
6-290-200-1,obrabótena kóža,leather,Bulgarian,,,
6-310-200-1,predá,spin,Bulgarian,,,
6-310-200-3,izprídam/ izpredá,spin,Bulgarian,,,
6-320-200-1,vreténo,spindle,Bulgarian,,,
6-330-200-1,təká,weave,Bulgarian,,,
6-340-200-1,(təkáčen) stán,loom,Bulgarian,,,
6-350-200-1,šíja,sew,Bulgarian,,,
6-360-200-1,iglá,needle,Bulgarian,,,
6-370-200-1,šílo,awl,Bulgarian,,,
6-380-200-1,konéc,thread,Bulgarian,,,
6-390-200-1,[bojadísvam],dye,Bulgarian,,,
6-390-200-3,[bojá],dye,Bulgarian,,,
6-410-200-1,plášt,cloak,Bulgarian,,,
6-410-200-3,[mántija],cloak,Bulgarian,,,
6-410-200-5,[pelerína],cloak,Bulgarian,,,
6-410-200-7,namétka,cloak,Bulgarian,,,
6-410-200-9,nametálo,cloak,Bulgarian,,,
6-411-200-1,[pónčo],poncho,Bulgarian,,,
6-411-200-3,nametálo,poncho,Bulgarian,,,
6-420-200-1,[róklja],woman's dress,Bulgarian,,,
6-430-200-1,[paltó],coat,Bulgarian,,,
6-440-200-1,ríza,shirt,Bulgarian,,,
6-450-200-1,[jaká,collar,Bulgarian,,,
6-450-200-3,jakíčka],collar,Bulgarian,,,
6-460-200-1,polá,skirt,Bulgarian,,,
6-480-200-1,[pantalóni],trousers,Bulgarian,,,
6-490-200-1,(də́ləg,"stocking, sock",Bulgarian,,,
6-490-200-3,kə́s) [čoráp],"stocking, sock",Bulgarian,,,
6-510-200-1,obúvka,shoe,Bulgarian,,,
6-520-200-1,[botúš],boot,Bulgarian,,,
6-540-200-1,obuštár,"shoemaker, cobbler",Bulgarian,,,
6-540-200-3,kərpáč,"shoemaker, cobbler",Bulgarian,,,
6-540-200-5,kə́rpja,"shoemaker, cobbler",Bulgarian,,,
6-550-200-1,šápka,"hat, cap",Bulgarian,,,
6-550-200-3,[kaskét],"hat, cap",Bulgarian,,,
6-550-200-5,[képe],"hat, cap",Bulgarian,,,
6-570-200-1,[kolán],"belt, girdle",Bulgarian,,,
6-570-200-3,pójas,"belt, girdle",Bulgarian,,,
6-580-200-1,rəkavíca,glove,Bulgarian,,,
6-590-200-1,[voál],veil,Bulgarian,,,
6-590-200-3,[búlo],veil,Bulgarian,,,
6-610-200-1,[džób],pocket,Bulgarian,,,
6-620-200-1,[kópče],button,Bulgarian,,,
6-630-200-1,[toplíjka],pin,Bulgarian,,,
6-630-200-3,[karfíca],pin,Bulgarian,,,
6-710-200-1,ukrašénie,"ornament, adornment",Bulgarian,,,
6-710-200-3,[ornamént],"ornament, adornment",Bulgarian,,,
6-720-200-1,skəpocénnost,jewel,Bulgarian,,,
6-720-200-3,[bižú],jewel,Bulgarian,,,
6-730-200-1,prə́sten,ring (for finger),Bulgarian,,,
6-740-200-1,grívna,bracelet,Bulgarian,,,
6-750-200-1,[gerdán],necklace,Bulgarian,,,
6-750-200-3,[kolié],necklace,Bulgarian,,,
6-750-200-5,ogərlíca,necklace,Bulgarian,,,
6-760-200-1,mənísto,bead,Bulgarian,,,
6-770-200-1,obicá,earring,Bulgarian,,,
6-770-200-3,óbica,earring,Bulgarian,,,
6-780-200-1,[pándelka] za glavá,"headband, headdress",Bulgarian,,,
6-780-200-3,[kordéla],"headband, headdress",Bulgarian,,,
6-780-200-5,nákit/ ukrašénie za glavá,"headband, headdress",Bulgarian,,,
6-780-200-7,lénta,"headband, headdress",Bulgarian,,,
6-790-200-1,[tatuiróvka],tattoo,Bulgarian,,,
6-810-200-1,(nósna) kə́rpa,"handkerchief, rag",Bulgarian,,,
6-810-200-3,parcál,"handkerchief, rag",Bulgarian,,,
6-820-200-1,kə́rpa,towel,Bulgarian,,,
6-910-200-1,[grében],comb,Bulgarian,,,
6-920-200-1,čétka,brush,Bulgarian,,,
6-921-200-1,zaplítam/ zapletá,braid,Bulgarian,,,
6-921-200-3,pletá,braid,Bulgarian,,,
6-921-200-5,plítka,braid,Bulgarian,,,
6-930-200-1,brəsnáč,razor,Bulgarian,,,
6-940-200-1,[mexlém],ointment,Bulgarian,,,
6-940-200-3,mazílo,ointment,Bulgarian,,,
6-940-200-5,[krem],ointment,Bulgarian,,,
6-950-200-1,[sapún],soap,Bulgarian,,,
6-960-200-1,ogledálo,mirror,Bulgarian,,,
7-110-200-1,živéja,"dwell, live",Bulgarian,,,
7-110-200-3,obitávam,"dwell, live",Bulgarian,,,
7-120-200-1,kə́šta,house,Bulgarian,,,
7-120-200-3,dóm,house,Bulgarian,,,
7-130-200-1,[kolíba],hut,Bulgarian,,,
7-130-200-3,xíža,hut,Bulgarian,,,
7-131-200-1,[oranžeríja],garden-house,Bulgarian,,,
7-131-200-3,párnik,garden-house,Bulgarian,,,
7-140-200-1,palátka,tent,Bulgarian,,,
7-150-200-1,dvór,"yard, court",Bulgarian,,,
7-170-200-1,ljátna kúxnja,cookhouse,Bulgarian,,,
7-210-200-1,stája,room,Bulgarian,,,
7-220-200-1,vratá,"door, gate",Bulgarian,,,
7-220-200-3,[pórta],"door, gate",Bulgarian,,,
7-220-200-5,vrátnja,"door, gate",Bulgarian,,,
7-220-200-7,vrátnik,"door, gate",Bulgarian,,,
7-221-200-1,okačálnik,"doorpost, jamb",Bulgarian,,,
7-221-200-3,straná na kása na vratá,"doorpost, jamb",Bulgarian,,,
7-230-200-1,[bráva],lock (noun),Bulgarian,,,
7-230-200-3,ključálka,lock (noun),Bulgarian,,,
7-230-200-5,[kofár],lock (noun),Bulgarian,,,
7-231-200-1,[rezé],"latch, door-bolt",Bulgarian,,,
7-240-200-1,kljúč,key,Bulgarian,,,
7-250-200-1,prozórec,window,Bulgarian,,,
7-260-200-1,pód,floor,Bulgarian,,,
7-270-200-1,stená,wall,Bulgarian,,,
7-310-200-1,[kamína],fireplace,Bulgarian,,,
7-310-200-3,ogníšte,fireplace,Bulgarian,,,
7-320-200-1,péčka,stove,Bulgarian,,,
7-330-200-1,[komín],chimney,Bulgarian,,,
7-370-200-1,stə́lba,ladder,Bulgarian,,,
7-420-200-1,legló,bed,Bulgarian,,,
7-421-200-1,vəzglávnic̷a,pillow,Bulgarian,,,
7-422-200-1,odejálo,blanket,Bulgarian,,,
7-430-200-1,stól,chair,Bulgarian,,,
7-440-200-1,[mása],table,Bulgarian,,,
7-450-200-1,[lámpa],"lamp, torch",Bulgarian,,,
7-450-200-3,[fákel],"lamp, torch",Bulgarian,,,
7-460-200-1,svéšt,candle,Bulgarian,,,
7-470-200-1,[ráft],shelf,Bulgarian,,,
7-470-200-3,políc̷a,shelf,Bulgarian,,,
7-470-200-5,lávic̷a,shelf,Bulgarian,,,
7-480-200-1,koríto,trough,Bulgarian,,,
7-480-200-3,xranílka,trough,Bulgarian,,,
7-510-200-1,pókriv,roof,Bulgarian,,,
7-520-200-1,sláma/ trəstíka za pókriv,thatch,Bulgarian,,,
7-540-200-1,[merték],rafter,Bulgarian,,,
7-550-200-1,gredá,beam,Bulgarian,,,
7-560-200-1,stə́lb,"post, pole",Bulgarian,,,
7-560-200-3,prə́t,"post, pole",Bulgarian,,,
7-570-200-1,dəská,board,Bulgarian,,,
7-580-200-1,[árka],arch,Bulgarian,,,
7-580-200-3,svód,arch,Bulgarian,,,
7-610-200-1,zidár,mason,Bulgarian,,,
7-610-200-3,[djulgér(in)],mason,Bulgarian,,,
7-610-200-5,kamenodélec̷,mason,Bulgarian,,,
7-620-200-1,[túxla],brick,Bulgarian,,,
7-630-200-1,[xorosán],mortar,Bulgarian,,,
7-640-200-1,[kirpíč],adobe,Bulgarian,,,
8-110-200-1,zemedélec,farmer,Bulgarian,,,
8-110-200-3,zemedélski stópanin,farmer,Bulgarian,,,
8-110-200-5,[férmer],farmer,Bulgarian,,,
8-120-200-1,níva,field (for cultivation),Bulgarian,,,
8-130-200-1,gradína,garden,Bulgarian,,,
8-150-200-1,obrabótvam/ obrabótja,"cultivate, till",Bulgarian,,,
8-150-200-3,[kultivíram],"cultivate, till",Bulgarian,,,
8-150-200-5,orá,"cultivate, till",Bulgarian,,,
8-160-200-1,ográda,fence,Bulgarian,,,
8-170-200-1,róv,ditch,Bulgarian,,,
8-170-200-3,ízkop,ditch,Bulgarian,,,
8-170-200-5,kanávka,ditch,Bulgarian,,,
8-210-200-1,izorávam/ izorá,plow,Bulgarian,,,
8-210-200-3,orá,plow,Bulgarian,,,
8-210-200-5,plúg,plow,Bulgarian,,,
8-210-200-7,rálo,plow,Bulgarian,,,
8-212-200-1,brazdá,furrow,Bulgarian,,,
8-220-200-1,kopája,dig,Bulgarian,,,
8-230-200-1,[lizgár],spade,Bulgarian,,,
8-230-200-3,[bél],spade,Bulgarian,,,
8-230-200-5,lopáta,spade,Bulgarian,,,
8-240-200-1,lopáta,shovel,Bulgarian,,,
8-250-200-1,motíka,hoe,Bulgarian,,,
8-260-200-1,víla (za seno),fork,Bulgarian,,,
8-270-200-1,grebló,rake,Bulgarian,,,
8-270-200-3,[tərmə́k],rake,Bulgarian,,,
8-310-200-1,séja,sow,Bulgarian,,,
8-311-200-1,séme,seed,Bulgarian,,,
8-311-200-3,zərnó,seed,Bulgarian,,,
8-320-200-1,kosjá,"mow, reap",Bulgarian,,,
8-320-200-3,žə́na,"mow, reap",Bulgarian,,,
8-330-200-1,sə́rp,"sickle, scythe",Bulgarian,,,
8-330-200-3,kosá,"sickle, scythe",Bulgarian,,,
8-340-200-1,vəršéja/ vəršá,thresh,Bulgarian,,,
8-350-200-1,gúmno,threshing-floor,Bulgarian,,,
8-350-200-3,[xarmán],threshing-floor,Bulgarian,,,
8-410-200-1,[rekólta],"crop, harvest",Bulgarian,,,
8-420-200-1,zərnó,"grain (barley, oats etc)",Bulgarian,,,
8-430-200-1,pšeníca,wheat,Bulgarian,,,
8-430-200-3,žíto,wheat,Bulgarian,,,
8-440-200-1,ečemík,barley,Bulgarian,,,
8-440-200-3,ečmík,barley,Bulgarian,,,
8-450-200-1,rə́ž,rye,Bulgarian,,,
8-460-200-1,ovés,oats,Bulgarian,,,
8-470-200-1,cárevica,"maize, corn",Bulgarian,,,
8-480-200-1,[oríz],rice,Bulgarian,,,
8-510-200-1,trevá,grass,Bulgarian,,,
8-520-200-1,senó,hay,Bulgarian,,,
8-530-200-1,rasténie,plant (noun),Bulgarian,,,
8-531-200-1,sadjá,plant (vb),Bulgarian,,,
8-540-200-1,kóren,root,Bulgarian,,,
8-550-200-1,klón,branch,Bulgarian,,,
8-560-200-1,líst,leaf,Bulgarian,,,
8-560-200-3,listó,leaf,Bulgarian,,,
8-570-200-1,c̷véte,flower,Bulgarian,,,
8-600-200-1,dərvó,tree,Bulgarian,,,
8-610-200-1,də́b,oak,Bulgarian,,,
8-620-200-1,búk,beech,Bulgarian,,,
8-620-200-3,búka,beech,Bulgarian,,,
8-630-200-1,brezá,birch,Bulgarian,,,
8-640-200-1,bór,pine,Bulgarian,,,
8-650-200-1,elá,fir,Bulgarian,,,
8-660-200-1,žéləd,acorn,Bulgarian,,,
8-670-200-1,lóza,vine,Bulgarian,,,
8-680-200-1,[tjutjún],tobacco,Bulgarian,,,
8-690-200-1,púša,smoke (tobacco),Bulgarian,,,
8-691-200-1,[lulá],pipe,Bulgarian,,,
8-720-200-1,pə́n,tree stump,Bulgarian,,,
8-720-200-3,də́ner,tree stump,Bulgarian,,,
8-730-200-1,stvól,tree trunk,Bulgarian,,,
8-730-200-3,də́ner,tree trunk,Bulgarian,,,
8-740-200-1,[čatálest] klón,forked branch,Bulgarian,,,
8-750-200-1,korá,bark,Bulgarian,,,
8-760-200-1,məzgá,sap,Bulgarian,,,
8-760-200-3,sók,sap,Bulgarian,,,
8-810-200-1,[pálma],palm tree,Bulgarian,,,
8-820-200-1,[kokósov] órex,coconut,Bulgarian,,,
8-830-200-1,[c̷ítrusov] plód,citrus fruit,Bulgarian,,,
8-840-200-1,[banánovo] dərvó,banana tree,Bulgarian,,,
8-850-200-1,indíjska [smokínja],banyan,Bulgarian,,,
8-910-200-1,[batát],sweet potato,Bulgarian,,,
8-910-200-3,sládək [kartóf],sweet potato,Bulgarian,,,
8-912-200-1,sládək [tropíčen] [kartóf],yam,Bulgarian,,,
8-920-200-1,[tapióka],"tapioca, manioc, cassava",Bulgarian,,,
8-920-200-3,[manióka],"tapioca, manioc, cassava",Bulgarian,,,
8-930-200-1,[kratúna],gourd,Bulgarian,,,
8-931-200-1,tíkva,"pumpkin, squash",Bulgarian,,,
8-940-200-1,[bambúk],bamboo,Bulgarian,,,
8-941-200-1,záxarna trəstíka,sugar cane,Bulgarian,,,
8-970-200-1,kopríva,nettle,Bulgarian,,,
8-980-200-1,gə́ba,mushroom,Bulgarian,,,
9-110-200-1,právja,"do, make",Bulgarian,,,
9-110-200-3,naprávja,"do, make",Bulgarian,,,
9-120-200-1,rabótja,work,Bulgarian,,,
9-140-200-1,izvívam/ izvíja (se),bend,Bulgarian,,,
9-140-200-3,svívam/ svíja (se),bend,Bulgarian,,,
9-140-200-5,nagə́rbvam/nagə́rbjam/ nagə́rna se,bend,Bulgarian,,,
9-150-200-1,sgə́vam/ sgə́na (se),fold,Bulgarian,,,
9-150-200-3,nagə́vam/ nagə́na,fold,Bulgarian,,,
9-150-200-5,svívam/ svíja,fold,Bulgarian,,,
9-160-200-1,vrə́zvam/ və́rža,"tie, bind",Bulgarian,,,
9-161-200-1,razvə́rzvam/ razvə́rža,untie,Bulgarian,,,
9-180-200-1,veríga,chain,Bulgarian,,,
9-190-200-1,vəžé,"rope, cord",Bulgarian,,,
9-190-200-3,vəžénc̷e,"rope, cord",Bulgarian,,,
9-190-200-5,vrə́v,"rope, cord",Bulgarian,,,
9-192-200-1,və́zel,knot (noun),Bulgarian,,,
9-210-200-1,údrjam/ udárja,"strike (hit, beat)",Bulgarian,,,
9-210-200-3,bíja,"strike (hit, beat)",Bulgarian,,,
9-211-200-1,údrjam s [jumrúk],pound with fist,Bulgarian,,,
9-220-200-1,réža,cut,Bulgarian,,,
9-221-200-1,otsíčam/ otseká,cut down,Bulgarian,,,
9-222-200-1,seká,"chop, hew",Bulgarian,,,
9-223-200-1,promúšvam/ promúša,stab,Bulgarian,,,
9-230-200-1,nož,knife,Bulgarian,,,
9-240-200-1,nóžica,"scissors, shears",Bulgarian,,,
9-240-200-3,nóžici,"scissors, shears",Bulgarian,,,
9-250-200-1,brádva,ax,Bulgarian,,,
9-251-200-1,teslá,adze,Bulgarian,,,
9-260-200-1,čúpja (se),break,Bulgarian,,,
9-260-200-3,sčupvam/ sčúpja (se),break,Bulgarian,,,
9-260-200-5,razbívam/ razbíja (se),break,Bulgarian,,,
9-261-200-1,sčúpen,broken,Bulgarian,,,
9-261-200-3,razbít,broken,Bulgarian,,,
9-270-200-1,c̷épja (se),split,Bulgarian,,,
9-270-200-3,razc̷épvam/ razc̷épja (se),split,Bulgarian,,,
9-280-200-1,kə́sam (se),tear,Bulgarian,,,
9-280-200-3,skə́svam/ skə́sam (se),tear,Bulgarian,,,
9-290-200-1,odíram/ oderá,"flay, skin",Bulgarian,,,
9-310-200-1,tríja,"rub, wipe",Bulgarian,,,
9-310-200-3,bə́rša,"rub, wipe",Bulgarian,,,
9-320-200-1,raztjágam/ raztégna (se),stretch,Bulgarian,,,
9-320-200-3,prostíram/ prostrá (se),stretch,Bulgarian,,,
9-330-200-1,[də́rpam/ drə́pvam/ drə́pna],pull,Bulgarian,,,
9-340-200-1,prostíram/ prostrá (se),spread out,Bulgarian,,,
9-341-200-1,zakáčam/ zakačá,hang up,Bulgarian,,,
9-342-200-1,natískam/ natísvam/ natísna,press,Bulgarian,,,
9-342-200-3,stískam/ stísna,press,Bulgarian,,,
9-343-200-1,izstískvam/ izstískam,"squeeze, wring",Bulgarian,,,
9-343-200-3,izc̷eždam/ izc̷edjá,"squeeze, wring",Bulgarian,,,
9-343-200-5,stískam/ stísna,"squeeze, wring",Bulgarian,,,
9-350-200-1,léja,pour,Bulgarian,,,
9-350-200-3,nalívam/ naléja,pour,Bulgarian,,,
9-360-200-1,míja (se),wash,Bulgarian,,,
9-360-200-3,perá,wash,Bulgarian,,,
9-370-200-1,metá,sweep,Bulgarian,,,
9-380-200-1,metlá,broom,Bulgarian,,,
9-422-200-1,sečivó [instrumént],tool,Bulgarian,,,
9-430-200-1,dərvodélec̷,carpenter,Bulgarian,,,
9-430-200-3,[dogramadžíja],carpenter,Bulgarian,,,
9-440-200-1,strojá,build,Bulgarian,,,
9-440-200-3,gradjá,build,Bulgarian,,,
9-460-200-1,provərtjávam/ provə́rtam/ provərtjá,bore,Bulgarian,,,
9-460-200-3,probívam/ probíja,bore,Bulgarian,,,
9-461-200-1,dəlbája,hollow out,Bulgarian,,,
9-461-200-3,izdəlbávam/ izdəlbája,hollow out,Bulgarian,,,
9-480-200-1,[trión],saw,Bulgarian,,,
9-490-200-1,čúk,hammer,Bulgarian,,,
9-500-200-1,gvózdej,nail,Bulgarian,,,
9-500-200-3,[pirón],nail,Bulgarian,,,
9-560-200-1,lepílo,glue,Bulgarian,,,
9-600-200-1,kováč,"smith, blacksmith",Bulgarian,,,
9-610-200-1,ková,forge,Bulgarian,,,
9-610-200-3,kováčnic̷a,forge,Bulgarian,,,
9-620-200-1,nakoválnja,anvil,Bulgarian,,,
9-630-200-1,léja,cast (metals),Bulgarian,,,
9-630-200-3,otlívam/ otléja,cast (metals),Bulgarian,,,
9-640-200-1,zláto,gold,Bulgarian,,,
9-650-200-1,srebró,silver,Bulgarian,,,
9-660-200-1,méd,"copper, bronze",Bulgarian,,,
9-660-200-3,[bakə́r],"copper, bronze",Bulgarian,,,
9-660-200-5,[bronz],"copper, bronze",Bulgarian,,,
9-670-200-1,željázo,iron,Bulgarian,,,
9-680-200-1,olóvo,lead (noun),Bulgarian,,,
9-690-200-1,[kaláj],"tin, tinplate",Bulgarian,,,
9-690-200-3,[teneké],"tin, tinplate",Bulgarian,,,
9-690-200-5,[tenekíja],"tin, tinplate",Bulgarian,,,
9-710-200-1,grənčár,potter,Bulgarian,,,
9-720-200-1,[fórma],mold (clay etc),Bulgarian,,,
9-720-200-3,kalə́p,mold (clay etc),Bulgarian,,,
9-730-200-1,gliná,clay,Bulgarian,,,
9-730-200-3,prə́t,clay,Bulgarian,,,
9-740-200-1,stəkló,glass,Bulgarian,,,
9-750-200-1,pletá,"weave, plait",Bulgarian,,,
9-760-200-1,kóšnica,basket,Bulgarian,,,
9-770-200-1,rogózka,mat,Bulgarian,,,
9-771-200-1,[kilím],rug,Bulgarian,,,
9-771-200-3,[čérga],rug,Bulgarian,,,
9-780-200-1,mréža,netbag,Bulgarian,,,
9-790-200-1,vetriló,fan (noun),Bulgarian,,,
9-791-200-1,véja (si),fan (vb),Bulgarian,,,
9-810-200-1,dəlbája,carve,Bulgarian,,,
9-810-200-3,izrjázvam,carve,Bulgarian,,,
9-810-200-5,izvájvam/ izvája,carve,Bulgarian,,,
9-820-200-1,[skúlptor],sculptor,Bulgarian,,,
9-820-200-3,vajátel,sculptor,Bulgarian,,,
9-830-200-1,[státuja],statue,Bulgarian,,,
9-830-200-3,izvajánie,statue,Bulgarian,,,
9-840-200-1,dletó,chisel,Bulgarian,,,
9-880-200-1,[bojá],paint (noun),Bulgarian,,,
9-890-200-1,risúvam,paint (vb),Bulgarian,,,
9-890-200-3,[bojadísvam],paint (vb),Bulgarian,,,
10-110-200-1,dvíža (se),move,Bulgarian,,,
10-110-200-3,méstja (se),move,Bulgarian,,,
10-120-200-1,obrə́štam/ obrə́na (se),turn over,Bulgarian,,,
10-120-200-3,preobrə́štam/ preobrə́na (se),turn over,Bulgarian,,,
10-120-200-5,prekatúrvam/ prekatúrja (se),turn over,Bulgarian,,,
10-130-200-1,obrə́štam/ obrə́na (se) (krəgóm),turn around,Bulgarian,,,
10-140-200-1,zavívam/ zavíja (se),"wind, wrap",Bulgarian,,,
10-140-200-3,uvívam/ uvíja,"wind, wrap",Bulgarian,,,
10-140-200-5,víja (se),"wind, wrap",Bulgarian,,,
10-140-200-7,omotávam/ omotája,"wind, wrap",Bulgarian,,,
10-150-200-1,tərkáljam/ tərkoljá (se),roll,Bulgarian,,,
10-150-200-3,váljam (se),roll,Bulgarian,,,
10-160-200-1,púskam/ púštam/ púsna,drop (vb),Bulgarian,,,
10-160-200-3,izpúskam/ izpúštam/ izpúsna,drop (vb),Bulgarian,,,
10-170-200-1,usúkvam/ usúča (se),twist,Bulgarian,,,
10-170-200-3,izvívam/ izvíja,twist,Bulgarian,,,
10-170-200-5,zasúkvam/ zasúča,twist,Bulgarian,,,
10-170-200-7,súča,twist,Bulgarian,,,
10-210-200-1,izdígam/ izdígna se,rise,Bulgarian,,,
10-210-200-3,vdígam/ vdígna se,rise,Bulgarian,,,
10-210-200-5,stávam/ stána,rise,Bulgarian,,,
10-220-200-1,vdígam/ vdígna,"raise, lift",Bulgarian,,,
10-220-200-3,dígam/ dígna,"raise, lift",Bulgarian,,,
10-220-200-5,povdígam/ povdígna,"raise, lift",Bulgarian,,,
10-220-200-7,izdígam/ izdígna,"raise, lift",Bulgarian,,,
10-220-200-9,izprávjam/ izprávja,"raise, lift",Bulgarian,,,
10-230-200-1,pádam/ pádna,fall,Bulgarian,,,
10-240-200-1,kápja,drip,Bulgarian,,,
10-250-200-1,xvə́rljam/ xvə́rlja,throw,Bulgarian,,,
10-252-200-1,xváštam/ xvána,catch (ball),Bulgarian,,,
10-260-200-1,klatja (se),shake,Bulgarian,,,
10-260-200-3,pokláštam/ poklátja (se),shake,Bulgarian,,,
10-260-200-5,razkláštam/ razklátja,shake,Bulgarian,,,
10-260-200-7,raztə́rsvam/ raztə́rsja (se),shake,Bulgarian,,,
10-260-200-9,tresá (se),shake,Bulgarian,,,
10-320-200-1,teká,flow,Bulgarian,,,
10-320-200-3,vlívam/ vléja se,flow,Bulgarian,,,
10-330-200-1,potə́vam/ potə́na,sink,Bulgarian,,,
10-340-200-1,plávam,float,Bulgarian,,,
10-340-200-3,plúvam,float,Bulgarian,,,
10-350-200-1,plúvam,swim,Bulgarian,,,
10-350-200-3,plávam,swim,Bulgarian,,,
10-351-200-1,gmúrkam/ gmúrvam/ gmúrna se,dive,Bulgarian,,,
10-352-200-1,c̷ópvam/ c̷ópna,splash,Bulgarian,,,
10-352-200-3,prə́skam,splash,Bulgarian,,,
10-352-200-5,naprə́skvam/ naprə́skam,splash,Bulgarian,,,
10-360-200-1,plávam s platná,sail (vb),Bulgarian,,,
10-360-200-3,plávam,sail (vb),Bulgarian,,,
10-360-200-5,plúvam,sail (vb),Bulgarian,,,
10-370-200-1,letjá,fly (vb),Bulgarian,,,
10-380-200-1,dúxam,blow,Bulgarian,,,
10-380-200-3,dúxvam/ dúxna,blow,Bulgarian,,,
10-380-200-5,véja,blow,Bulgarian,,,
10-410-200-1,pəlzjá,"creep, crawl",Bulgarian,,,
10-410-200-3,lázja,"creep, crawl",Bulgarian,,,
10-412-200-1,koleníča,kneel,Bulgarian,,,
10-413-200-1,svívam se,crouch,Bulgarian,,,
10-413-200-3,gótvja se da skóča,crouch,Bulgarian,,,
10-420-200-1,xlə́zgam/ xlə́zvam/ xlə́zna (se),"slide, slip",Bulgarian,,,
10-420-200-3,plə́zgam/ plə́zna (s)e,"slide, slip",Bulgarian,,,
10-430-200-1,skáčam/ skóča,"jump, leap",Bulgarian,,,
10-431-200-1,rítam,kick,Bulgarian,,,
10-431-200-3,rítvam/ rítna,kick,Bulgarian,,,
10-440-200-1,igrája,dance,Bulgarian,,,
10-440-200-3,tancúvam,dance,Bulgarian,,,
10-450-200-1,vərvjá,walk,Bulgarian,,,
10-450-200-3,xódja,walk,Bulgarian,,,
10-451-200-1,[kúc̷am/,limp,Bulgarian,,,
10-451-200-3,kúc̷(nu)vam,limp,Bulgarian,,,
10-451-200-5,kúc̷na],limp,Bulgarian,,,
10-451-200-7,[nakúc̷vam],limp,Bulgarian,,,
10-460-200-1,bjágam,run,Bulgarian,,,
10-460-200-3,tíčam,run,Bulgarian,,,
10-470-200-1,otívam/ otída,go,Bulgarian,,,
10-470-200-3,xódja,go,Bulgarian,,,
10-471-200-1,káčvam/ káča se,go up,Bulgarian,,,
10-472-200-1,izkáčvam/ izkačá (se),climb,Bulgarian,,,
10-472-200-3,katérja se,climb,Bulgarian,,,
10-472-200-5,káčvam/ káča se,climb,Bulgarian,,,
10-473-200-1,slízam/ sljáza,go down,Bulgarian,,,
10-473-200-3,spúskam/ spúštam/ spúsna se,go down,Bulgarian,,,
10-474-200-1,izlízam/ izljáza,go out,Bulgarian,,,
10-480-200-1,ídvam/ dójda,come,Bulgarian,,,
10-481-200-1,vrə́štam/ və́rna se,come back,Bulgarian,,,
10-490-200-1,otívam/ otída si,"go away, depart",Bulgarian,,,
10-490-200-3,zaminávam/ zamína,"go away, depart",Bulgarian,,,
10-491-200-1,izčézvam/ izčézna,disappear,Bulgarian,,,
10-510-200-1,bjágam,flee,Bulgarian,,,
10-510-200-3,pobjágvam/ pobjágna,flee,Bulgarian,,,
10-520-200-1,slédvam,follow,Bulgarian,,,
10-530-200-1,preslédvam,pursue,Bulgarian,,,
10-550-200-1,pristígam/ pristígna,"reach, arrive",Bulgarian,,,
10-550-200-3,stígam/ stígna,"reach, arrive",Bulgarian,,,
10-550-200-5,dostígam/ dostígna,"reach, arrive",Bulgarian,,,
10-560-200-1,dobližávam/ dobližá,approach,Bulgarian,,,
10-570-200-1,vlízam/ vljáza,enter,Bulgarian,,,
10-610-200-1,nósja,carry (bear),Bulgarian,,,
10-612-200-1,nósja (na rəká),carry-in-hand,Bulgarian,,,
10-613-200-1,nósja (na rámo),carry-on-shoulder,Bulgarian,,,
10-614-200-1,nósja (na glavá),carry-on-head,Bulgarian,,,
10-615-200-1,nósja (pod rəká),carry-underarm,Bulgarian,,,
10-620-200-1,donásjam/ donesá,bring,Bulgarian,,,
10-620-200-3,nósja,bring,Bulgarian,,,
10-630-200-1,izpráštam/ izprátja,send,Bulgarian,,,
10-640-200-1,vódja,lead (vb),Bulgarian,,,
10-650-200-1,[káram],drive,Bulgarian,,,
10-660-200-1,jázdja,ride,Bulgarian,,,
10-660-200-3,jáxam,ride,Bulgarian,,,
10-670-200-1,bútam/ bútvam/ bútna (se),"push, shove",Bulgarian,,,
10-710-200-1,pə́t,road,Bulgarian,,,
10-720-200-1,pətéka,path,Bulgarian,,,
10-720-200-3,pətéčka,path,Bulgarian,,,
10-740-200-1,móst,bridge,Bulgarian,,,
10-750-200-1,kolá,"carriage, wagon, cart",Bulgarian,,,
10-750-200-3,[karúca],"carriage, wagon, cart",Bulgarian,,,
10-750-200-5,[karéta],"carriage, wagon, cart",Bulgarian,,,
10-760-200-1,koleló,wheel,Bulgarian,,,
10-770-200-1,ós,axle,Bulgarian,,,
10-780-200-1,ígo,yoke,Bulgarian,,,
10-780-200-3,járem,yoke,Bulgarian,,,
10-780-200-5,xomót,yoke,Bulgarian,,,
10-810-200-1,kórab,ship,Bulgarian,,,
10-830-200-1,lódka,boat,Bulgarian,,,
10-831-200-1,[kanú],canoe,Bulgarian,,,
10-831-200-3,[rusálka],canoe,Bulgarian,,,
10-832-200-1,straníčni poplávəci,outrigger,Bulgarian,,,
10-840-200-1,[sál],raft,Bulgarian,,,
10-850-200-1,grebló,oar,Bulgarian,,,
10-850-200-3,vesló,oar,Bulgarian,,,
10-851-200-1,grebló,paddle (noun),Bulgarian,,,
10-851-200-3,vesló,paddle (noun),Bulgarian,,,
10-852-200-1,grebá/ grébvam/ grébna,row (vb),Bulgarian,,,
10-860-200-1,[kormílo],rudder,Bulgarian,,,
10-860-200-3,[rúl],rudder,Bulgarian,,,
10-870-200-1,[máčta],mast,Bulgarian,,,
10-880-200-1,kórabno platnó,sail (noun),Bulgarian,,,
10-890-200-1,kótva,anchor,Bulgarian,,,
10-910-200-1,pristánište,"harbor, port",Bulgarian,,,
10-920-200-1,slízam/ sváljam na súša,land (vb),Bulgarian,,,
10-920-200-3,[debarkíram],land (vb),Bulgarian,,,
11-110-200-1,ímam,have,Bulgarian,,,
11-120-200-1,pritežávam,"own, possess",Bulgarian,,,
11-120-200-3,ímam,"own, possess",Bulgarian,,,
11-130-200-1,vzémam/ vzímam/ vzéma,take,Bulgarian,,,
11-140-200-1,xváštam/ xvána,"seize, grasp",Bulgarian,,,
11-140-200-3,ulávjam,"seize, grasp",Bulgarian,,,
11-140-200-5,sgrábčvam/ sgrábča,"seize, grasp",Bulgarian,,,
11-150-200-1,də́rža,hold,Bulgarian,,,
11-160-200-1,dobívam/ dobíja,"get, obtain",Bulgarian,,,
11-170-200-1,zapázvam/ zapázja,"keep, retain",Bulgarian,,,
11-170-200-3,də́rža,"keep, retain",Bulgarian,,,
11-180-200-1,néšto,thing,Bulgarian,,,
11-180-200-3,véšt,thing,Bulgarian,,,
11-180-200-5,predmét,thing,Bulgarian,,,
11-210-200-1,dávam/ dám,give,Bulgarian,,,
11-220-200-1,vrə́štam/ və́rna,give back,Bulgarian,,,
11-240-200-1,zapázvam/ zapázja,"preserve, look after",Bulgarian,,,
11-240-200-3,də́rža,"preserve, look after",Bulgarian,,,
11-240-200-5,gríža se za,"preserve, look after",Bulgarian,,,
11-250-200-1,spasjávam/ spasjá,"save, rescue",Bulgarian,,,
11-270-200-1,razrušávam/ ruzrušá,destroy,Bulgarian,,,
11-280-200-1,vredjá na,"harm, injure, damage",Bulgarian,,,
11-280-200-3,povréždam/ povredjá,"harm, injure, damage",Bulgarian,,,
11-310-200-1,tə́rsja,"seek, look for",Bulgarian,,,
11-310-200-3,potə́rsvam/ potə́rsja,"seek, look for",Bulgarian,,,
11-320-200-1,namíram/ namérja,find,Bulgarian,,,
11-330-200-1,gúbja,lose,Bulgarian,,,
11-330-200-3,zagúbvam/ zagúbja,lose,Bulgarian,,,
11-340-200-1,púskam/ púštam/ púsna,"release, let go",Bulgarian,,,
11-430-200-1,[parí,money,Bulgarian,,,
11-430-200-3,pará],money,Bulgarian,,,
11-440-200-1,[monéta],coin,Bulgarian,,,
11-510-200-1,bogát,rich,Bulgarian,,,
11-520-200-1,béden,poor,Bulgarian,,,
11-530-200-1,prosják,beggar,Bulgarian,,,
11-540-200-1,svidlív,"avaricious, stingy",Bulgarian,,,
11-540-200-3,srebroljubív,"avaricious, stingy",Bulgarian,,,
11-540-200-5,álčen,"avaricious, stingy",Bulgarian,,,
11-540-200-7,skəperníčeski,"avaricious, stingy",Bulgarian,,,
11-540-200-9,stístnat,"avaricious, stingy",Bulgarian,,,
11-610-200-1,davám/ dám nazáem,lend,Bulgarian,,,
11-620-200-1,vzémam nazáem,borrow,Bulgarian,,,
11-630-200-1,dəlžá,owe,Bulgarian,,,
11-640-200-1,də́lg,debt,Bulgarian,,,
11-650-200-1,pláštam,pay (vb),Bulgarian,,,
11-650-200-3,zapláštam/ zaplatjá,pay (vb),Bulgarian,,,
11-660-200-1,smétka,"account, reckoning",Bulgarian,,,
11-660-200-3,smjátane,"account, reckoning",Bulgarian,,,
11-690-200-1,dánək,"tax, tribute",Bulgarian,,,
11-690-200-3,nalóg,"tax, tribute",Bulgarian,,,
11-770-200-1,naémam/ naéma,hire,Bulgarian,,,
11-780-200-1,nádnic̷a,wages,Bulgarian,,,
11-780-200-3,zapláta,wages,Bulgarian,,,
11-790-200-1,pečélja,earn,Bulgarian,,,
11-810-200-1,kupúvam/ kúpja,buy,Bulgarian,,,
11-820-200-1,prodávam/ prodám,sell,Bulgarian,,,
11-830-200-1,tərgúvam,"trade, barter",Bulgarian,,,
11-840-200-1,tərgóvec̷,merchant,Bulgarian,,,
11-850-200-1,[pazár],market (place),Bulgarian,,,
11-850-200-3,təržíšte,market (place),Bulgarian,,,
11-860-200-1,[magazín],"store, shop",Bulgarian,,,
11-870-200-1,c̷ená,price,Bulgarian,,,
11-880-200-1,skə́p,"dear (costly, expensive)",Bulgarian,,,
11-890-200-1,[évtin],cheap,Bulgarian,,,
11-910-200-1,deljá,share (distribute),Bulgarian,,,
11-910-200-3,razdéljam,share (distribute),Bulgarian,,,
11-920-200-1,téglja (se),weigh,Bulgarian,,,
11-920-200-3,pretégljam/ pretéglja,weigh,Bulgarian,,,
11-920-200-5,mérja se,weigh,Bulgarian,,,
12-10-200-1,sled,after,Bulgarian,,,
12-10-200-3,pósle,after,Bulgarian,,,
12-11-200-1,zad,behind,Bulgarian,,,
12-20-200-1,do,beside,Bulgarian,,,
12-20-200-3,pri,beside,Bulgarian,,,
12-20-200-5,pokráj,beside,Bulgarian,,,
12-30-200-1,(na)dólu,"down, below",Bulgarian,,,
12-40-200-1,préd,before,Bulgarian,,,
12-40-200-3,otpréd,before,Bulgarian,,,
12-41-200-1,prédna část,front,Bulgarian,,,
12-41-200-3,líceva straná/ část,front,Bulgarian,,,
12-41-200-5,[fasáda],front,Bulgarian,,,
12-50-200-1,və́tre,"inside, in",Bulgarian,,,
12-50-200-3,otvə́tre,"inside, in",Bulgarian,,,
12-60-200-1,və́n ot,outside,Bulgarian,,,
12-60-200-3,otvə́n,outside,Bulgarian,,,
12-70-200-1,pod,under,Bulgarian,,,
12-80-200-1,góre (na),"up, above",Bulgarian,,,
12-80-200-3,nad,"up, above",Bulgarian,,,
12-80-200-5,otgóre,"up, above",Bulgarian,,,
12-110-200-1,mjásto,place,Bulgarian,,,
12-110-200-3,slágam/ slóža,place,Bulgarian,,,
12-110-200-5,postávjam/ postávja,place,Bulgarian,,,
12-120-200-1,slágam/ slóža,put,Bulgarian,,,
12-120-200-3,postávjam/ postávja,put,Bulgarian,,,
12-130-200-1,sedjá,sit,Bulgarian,,,
12-140-200-1,ljágam/ légna si,lie down,Bulgarian,,,
12-140-200-3,ležá,lie down,Bulgarian,,,
12-150-200-1,stávam/ stána,stand,Bulgarian,,,
12-150-200-3,stojá,stand,Bulgarian,,,
12-160-200-1,ostávam/ ostána,"remain, stay",Bulgarian,,,
12-170-200-1,ostánki,"remains, left overs",Bulgarian,,,
12-210-200-1,səbíram/ səberá (se),"collect, gather",Bulgarian,,,
12-210-200-3,pribíram/ priberá,"collect, gather",Bulgarian,,,
12-212-200-1,vzémam/ vzéma,pick up,Bulgarian,,,
12-212-200-3,vdígam/ vdígna,pick up,Bulgarian,,,
12-212-200-5,povdígam/ povdígna,pick up,Bulgarian,,,
12-213-200-1,trúpam (se),pile up,Bulgarian,,,
12-213-200-3,natrúpvam (se),pile up,Bulgarian,,,
12-220-200-1,svə́rzvam/ svə́rža,"join, unite",Bulgarian,,,
12-220-200-3,səedinjávam (se),"join, unite",Bulgarian,,,
12-230-200-1,otdéljam/ otdeljá,separate,Bulgarian,,,
12-230-200-3,razdéljam/ razdeljá,separate,Bulgarian,,,
12-232-200-1,délja (se),divide,Bulgarian,,,
12-232-200-3,razdéljam (se)/ razdeljá (se),divide,Bulgarian,,,
12-240-200-1,otvárjam/ otvórja (se),open,Bulgarian,,,
12-250-200-1,zatvárjam/ zatvórja (se),"shut, close",Bulgarian,,,
12-260-200-1,pokrívam/ pokríja,cover,Bulgarian,,,
12-270-200-1,kríja (se),"hide, conceal",Bulgarian,,,
12-270-200-3,skrívam/ skríja (se),"hide, conceal",Bulgarian,,,
12-270-200-5,ukrívam/ ukríva (se),"hide, conceal",Bulgarian,,,
12-270-200-7,prikrívam/ prikríja (se),"hide, conceal",Bulgarian,,,
12-270-200-9,zakrívam/ zakríja,"hide, conceal",Bulgarian,,,
12-270-200-11,pokrívam/ pokríja,"hide, conceal",Bulgarian,,,
12-310-200-1,visók,high,Bulgarian,,,
12-310-200-3,visóko,high,Bulgarian,,,
12-310-200-5,navisóko,high,Bulgarian,,,
12-320-200-1,nísək,low,Bulgarian,,,
12-320-200-3,nísko,low,Bulgarian,,,
12-330-200-1,vrə́x,top,Bulgarian,,,
12-340-200-1,də́no,bottom,Bulgarian,,,
12-350-200-1,kráj,end,Bulgarian,,,
12-352-200-1,óstər,pointed,Bulgarian,,,
12-352-200-3,izóstren,pointed,Bulgarian,,,
12-352-200-5,zaóstren,pointed,Bulgarian,,,
12-353-200-1,ostrié,edge,Bulgarian,,,
12-353-200-3,rə́b,edge,Bulgarian,,,
12-353-200-5,kráj,edge,Bulgarian,,,
12-360-200-1,straná,side,Bulgarian,,,
12-370-200-1,sredá,"middle, center",Bulgarian,,,
12-370-200-3,[c̷éntər],"middle, center",Bulgarian,,,
12-410-200-1,désen,right (side),Bulgarian,,,
12-410-200-3,djásno,right (side),Bulgarian,,,
12-410-200-5,djásnata strána,right (side),Bulgarian,,,
12-420-200-1,ljáv,left (side),Bulgarian,,,
12-420-200-3,ljávo,left (side),Bulgarian,,,
12-420-200-5,ljávata straná,left (side),Bulgarian,,,
12-430-200-1,blízo,near (adv),Bulgarian,,,
12-430-200-3,nablízo,near (adv),Bulgarian,,,
12-440-200-1,daléko/ daléč/ daléče,far (adv),Bulgarian,,,
12-440-200-3,nadaléko/ nadaléč/ nadaléče,far (adv),Bulgarian,,,
12-450-200-1,íztok,east,Bulgarian,,,
12-460-200-1,západ,west,Bulgarian,,,
12-470-200-1,séver,north,Bulgarian,,,
12-480-200-1,júg,south,Bulgarian,,,
12-530-200-1,rastá,grow,Bulgarian,,,
12-530-200-3,porástvam/ porásna,grow,Bulgarian,,,
12-530-200-5,izrástvam/ izrásna,grow,Bulgarian,,,
12-530-200-7,narástvam/ narásna,grow,Bulgarian,,,
12-530-200-9,otgléždam/ otglédam,grow,Bulgarian,,,
12-530-200-11,[kultivíram],grow,Bulgarian,,,
12-540-200-1,mérja,measure,Bulgarian,,,
12-540-200-3,izmérvam/ izmérja,measure,Bulgarian,,,
12-540-200-5,mjárka,measure,Bulgarian,,,
12-540-200-7,mjára,measure,Bulgarian,,,
12-541-200-1,pédja,"span, fathom",Bulgarian,,,
12-541-200-3,mjárka,"span, fathom",Bulgarian,,,
12-550-200-1,goljám,"large, big",Bulgarian,,,
12-560-200-1,málək,"small, little",Bulgarian,,,
12-570-200-1,də́ləg,long,Bulgarian,,,
12-580-200-1,visók,tall,Bulgarian,,,
12-590-200-1,nísək,short,Bulgarian,,,
12-590-200-3,kə́s,short,Bulgarian,,,
12-610-200-1,širók,"wide, broad",Bulgarian,,,
12-620-200-1,tésen,narrow,Bulgarian,,,
12-630-200-1,debél,thick (in dimension),Bulgarian,,,
12-650-200-1,tə́nək,thin (in dimension),Bulgarian,,,
12-670-200-1,dəlbók,deep,Bulgarian,,,
12-680-200-1,plítək,shallow,Bulgarian,,,
12-710-200-1,plósək,flat,Bulgarian,,,
12-730-200-1,práv,straight,Bulgarian,,,
12-740-200-1,krív,crooked,Bulgarian,,,
12-740-200-3,izkríven,crooked,Bulgarian,,,
12-740-200-5,izvít,crooked,Bulgarian,,,
12-750-200-1,kúka,hook,Bulgarian,,,
12-750-200-3,[čengél],hook,Bulgarian,,,
12-760-200-1,ə́gəl,corner,Bulgarian,,,
12-770-200-1,krə́st,cross,Bulgarian,,,
12-780-200-1,[kvadráten],square,Bulgarian,,,
12-780-200-3,[kvadrát],square,Bulgarian,,,
12-810-200-1,krə́gəl,round,Bulgarian,,,
12-820-200-1,krə́g,circle,Bulgarian,,,
12-830-200-1,[sféra],"sphere, ball",Bulgarian,,,
12-830-200-3,kəlbó,"sphere, ball",Bulgarian,,,
12-840-200-1,[línija],line,Bulgarian,,,
12-840-200-3,čertá,line,Bulgarian,,,
12-850-200-1,dúpka,hole,Bulgarian,,,
12-920-200-1,podóben,"like, similar",Bulgarian,,,
12-920-200-3,sxóden,"like, similar",Bulgarian,,,
12-930-200-1,menjá (se),change,Bulgarian,,,
12-930-200-3,izménjam/ izmenjá (se),change,Bulgarian,,,
12-930-200-5,proménjam/ promenjávam/ promenjá (se),change,Bulgarian,,,
12-930-200-7,sménjam/ smenjá,change,Bulgarian,,,
13-0-200-1,[núla],"zero, nothing",Bulgarian,,,
13-0-200-3,níšto,"zero, nothing",Bulgarian,,,
13-10-200-1,edín,one,Bulgarian,,,
13-10-200-3,ednó,one,Bulgarian,,,
13-20-200-1,dvá/ dvé,two,Bulgarian,,,
13-20-200-3,dvé,two,Bulgarian,,,
13-30-200-1,trí,three,Bulgarian,,,
13-40-200-1,čétiri,four,Bulgarian,,,
13-50-200-1,pét,five,Bulgarian,,,
13-60-200-1,šést,six,Bulgarian,,,
13-70-200-1,sédem,seven,Bulgarian,,,
13-80-200-1,ósem,eight,Bulgarian,,,
13-90-200-1,dévet,nine,Bulgarian,,,
13-100-200-1,déset,ten,Bulgarian,,,
13-101-200-1,edinádeset,eleven,Bulgarian,,,
13-101-200-3,edinájset,eleven,Bulgarian,,,
13-102-200-1,dvanádeset,twelve,Bulgarian,,,
13-102-200-3,dvanájset,twelve,Bulgarian,,,
13-103-200-1,petnádeset,fifteen,Bulgarian,,,
13-103-200-3,petnájset,fifteen,Bulgarian,,,
13-104-200-1,dvádeset,twenty,Bulgarian,,,
13-105-200-1,stó,hundred,Bulgarian,,,
13-106-200-1,[xiljáda],thousand,Bulgarian,,,
13-107-200-1,brojá,count,Bulgarian,,,
13-140-200-1,vséki,"every, all",Bulgarian,,,
13-140-200-3,vsíčki,"every, all",Bulgarian,,,
13-150-200-1,mnógo,"much, many",Bulgarian,,,
13-160-200-1,póveče,more,Bulgarian,,,
13-170-200-1,málko,"little (quantity), few",Bulgarian,,,
13-170-200-3,njákolko,"little (quantity), few",Bulgarian,,,
13-180-200-1,dostátəčno,enough,Bulgarian,,,
13-181-200-1,málko,some,Bulgarian,,,
13-181-200-3,njákolko,some,Bulgarian,,,
13-190-200-1,mnóžestvo,"multitude, crowd",Bulgarian,,,
13-190-200-3,təlpá,"multitude, crowd",Bulgarian,,,
13-210-200-1,pə́len,full,Bulgarian,,,
13-220-200-1,prázen,empty,Bulgarian,,,
13-230-200-1,část,"part, piece",Bulgarian,,,
13-230-200-3,parčé,"part, piece",Bulgarian,,,
13-240-200-1,polovína,half,Bulgarian,,,
13-330-200-1,sám,"alone, only",Bulgarian,,,
13-330-200-3,edínstven,"alone, only",Bulgarian,,,
13-330-200-5,sámo,"alone, only",Bulgarian,,,
13-340-200-1,prə́v,first,Bulgarian,,,
13-350-200-1,posléden,last,Bulgarian,,,
13-360-200-1,vtóri,second,Bulgarian,,,
13-370-200-1,[číft],pair,Bulgarian,,,
13-370-200-3,dvójka,pair,Bulgarian,,,
13-380-200-1,dvá pə́ti,two times,Bulgarian,,,
13-380-200-3,dváž,two times,Bulgarian,,,
13-420-200-1,tréti,third,Bulgarian,,,
13-440-200-1,trí pə́ti,three times,Bulgarian,,,
13-440-200-3,tríž,three times,Bulgarian,,,
14-110-200-1,vréme,time,Bulgarian,,,
14-120-200-1,və́zrast,age,Bulgarian,,,
14-130-200-1,nóv,new,Bulgarian,,,
14-140-200-1,mlád,young,Bulgarian,,,
14-150-200-1,stár,old,Bulgarian,,,
14-160-200-1,ránen,early,Bulgarian,,,
14-160-200-3,ráno,early,Bulgarian,,,
14-170-200-1,kə́sen,late,Bulgarian,,,
14-170-200-3,kə́sno,late,Bulgarian,,,
14-180-200-1,segá,now,Bulgarian,,,
14-190-200-1,vednága,immediately,Bulgarian,,,
14-190-200-3,nezabávno,immediately,Bulgarian,,,
14-210-200-1,bə́rz,"swift, fast, quick",Bulgarian,,,
14-220-200-1,báven,slow,Bulgarian,,,
14-230-200-1,bə́rzam,"hasten, hurry",Bulgarian,,,
14-240-200-1,bávja (se),"retard, delay",Bulgarian,,,
14-240-200-3,zabávjam/ zabávja,"retard, delay",Bulgarian,,,
14-250-200-1,póčvam/ póčna,"begin, beginning",Bulgarian,,,
14-250-200-3,zapóčvam/ zapóčna (se),"begin, beginning",Bulgarian,,,
14-250-200-5,načálo,"begin, beginning",Bulgarian,,,
14-252-200-1,trája,"last, endure",Bulgarian,,,
14-260-200-1,kráj,end (temporal),Bulgarian,,,
14-270-200-1,svə́ršvam/ svə́rša,finish,Bulgarian,,,
14-280-200-1,prestávam/ prestána,"cease, stop",Bulgarian,,,
14-280-200-3,spíram/ sprá,"cease, stop",Bulgarian,,,
14-290-200-1,gotóv,ready,Bulgarian,,,
14-310-200-1,vínagi,always,Bulgarian,,,
14-320-200-1,čésto,often,Bulgarian,,,
14-330-200-1,ponjákoga,sometimes,Bulgarian,,,
14-331-200-1,skóro,soon,Bulgarian,,,
14-332-200-1,də́lgo,long-time (for a),Bulgarian,,,
14-332-200-3,za də́lgo vréme,long-time (for a),Bulgarian,,,
14-340-200-1,níkoga,never,Bulgarian,,,
14-350-200-1,pák,again,Bulgarian,,,
14-350-200-3,otnóvo,again,Bulgarian,,,
14-410-200-1,dén,day,Bulgarian,,,
14-420-200-1,nóšt,night,Bulgarian,,,
14-430-200-1,zorá,dawn,Bulgarian,,,
14-440-200-1,sútrin,morning,Bulgarian,,,
14-440-200-3,útre,morning,Bulgarian,,,
14-450-200-1,pládne,"noon, midday",Bulgarian,,,
14-450-200-3,óbed,"noon, midday",Bulgarian,,,
14-451-200-1,sledóbed,afternoon,Bulgarian,,,
14-460-200-1,véčer,evening,Bulgarian,,,
14-470-200-1,dnés,today,Bulgarian,,,
14-480-200-1,útre,tomorrow,Bulgarian,,,
14-481-200-1,vdrúgiden,day-after-tomorrow,Bulgarian,,,
14-490-200-1,včéra,yesterday,Bulgarian,,,
14-491-200-1,závčera,day-before-yesterday,Bulgarian,,,
14-510-200-1,čás,hour,Bulgarian,,,
14-530-200-1,časóvnik,"clock, timepiece",Bulgarian,,,
14-610-200-1,sédmica,week,Bulgarian,,,
14-620-200-1,nedélja,Sunday,Bulgarian,,,
14-630-200-1,ponedélnik,Monday,Bulgarian,,,
14-640-200-1,vtórnik,Tuesday,Bulgarian,,,
14-650-200-1,srjáda,Wednesday,Bulgarian,,,
14-660-200-1,četvə́rtək,Thursday,Bulgarian,,,
14-670-200-1,pétək,Friday,Bulgarian,,,
14-680-200-1,sə́bota,Saturday,Bulgarian,,,
14-710-200-1,mésec,month,Bulgarian,,,
14-730-200-1,godína,year,Bulgarian,,,
14-740-200-1,zíma,winter,Bulgarian,,,
14-750-200-1,prólet,spring,Bulgarian,,,
14-760-200-1,ljáto,summer,Bulgarian,,,
14-770-200-1,ésen,autumn,Bulgarian,,,
14-780-200-1,godíšno vréme,season,Bulgarian,,,
14-780-200-3,[sezón],season,Bulgarian,,,
15-210-200-1,[miríša],smell (vb intrans),Bulgarian,,,
15-212-200-1,dúša,sniff,Bulgarian,,,
15-212-200-3,[pomirísvam/ pomiríša],sniff,Bulgarian,,,
15-212-200-5,[miríša],sniff,Bulgarian,,,
15-212-200-7,podsmə́rčam/ podsmə́rkvam/ podsmə́rkna,sniff,Bulgarian,,,
15-220-200-1,[pomirísvam/ pomiríša],smell (vb trans),Bulgarian,,,
15-220-200-3,[miríša],smell (vb trans),Bulgarian,,,
15-250-200-1,blagouxánen,"fragrant, good smelling",Bulgarian,,,
15-250-200-3,[aromáten],"fragrant, good smelling",Bulgarian,,,
15-250-200-5,[aromatíčen],"fragrant, good smelling",Bulgarian,,,
15-260-200-1,vonjášt,"stinking, bad smelling",Bulgarian,,,
15-260-200-3,zlovónen,"stinking, bad smelling",Bulgarian,,,
15-310-200-1,vkúsvam/ vkúsja,taste,Bulgarian,,,
15-350-200-1,sládək,sweet,Bulgarian,,,
15-360-200-1,solén,salty,Bulgarian,,,
15-370-200-1,gorčív,bitter,Bulgarian,,,
15-380-200-1,kísel,"acid, sour",Bulgarian,,,
15-390-200-1,və́zsolen,brackish,Bulgarian,,,
15-410-200-1,čuvam/ čuja,hear,Bulgarian,,,
15-420-200-1,slúšam,listen,Bulgarian,,,
15-440-200-1,zvúk,"sound, noise",Bulgarian,,,
15-440-200-3,šúm,"sound, noise",Bulgarian,,,
15-450-200-1,sílen,loud,Bulgarian,,,
15-450-200-3,šúmen,loud,Bulgarian,,,
15-460-200-1,tišiná,"quiet, silence",Bulgarian,,,
15-460-200-3,məlčánie,"quiet, silence",Bulgarian,,,
15-510-200-1,viždam/ vídja,see,Bulgarian,,,
15-520-200-1,glédam,"look, look at",Bulgarian,,,
15-550-200-1,pokázvam/ pokáža,show,Bulgarian,,,
15-560-200-1,svétja,shine,Bulgarian,,,
15-560-200-3,blestjá,shine,Bulgarian,,,
15-570-200-1,járək,bright,Bulgarian,,,
15-570-200-3,svétəl,bright,Bulgarian,,,
15-610-200-1,c̷vját,color,Bulgarian,,,
15-620-200-1,svétəl,light (in color),Bulgarian,,,
15-630-200-1,tə́men,dark (in color),Bulgarian,,,
15-640-200-1,bjál,white,Bulgarian,,,
15-650-200-1,čéren,black,Bulgarian,,,
15-660-200-1,červén,red,Bulgarian,,,
15-670-200-1,sín,blue,Bulgarian,,,
15-680-200-1,zelén,green,Bulgarian,,,
15-690-200-1,žə́lt,yellow,Bulgarian,,,
15-710-200-1,dokósvam/ dokósna (se do),touch,Bulgarian,,,
15-710-200-3,pípam/ pípna,touch,Bulgarian,,,
15-712-200-1,štípja,pinch,Bulgarian,,,
15-712-200-3,oštípvam/ oštípja,pinch,Bulgarian,,,
15-720-200-1,opípvam/ opípam,feel,Bulgarian,,,
15-720-200-3,uséštam/ usétja,feel,Bulgarian,,,
15-720-200-5,čúvstvuvam (se),feel,Bulgarian,,,
15-740-200-1,tvə́rd,hard,Bulgarian,,,
15-750-200-1,mék,soft,Bulgarian,,,
15-760-200-1,[grápav],rough,Bulgarian,,,
15-760-200-3,grúb,rough,Bulgarian,,,
15-770-200-1,gládək,smooth,Bulgarian,,,
15-780-200-1,óstər,sharp,Bulgarian,,,
15-790-200-1,tə́p,"blunt, dull",Bulgarian,,,
15-790-200-3,iztə́pen,"blunt, dull",Bulgarian,,,
15-810-200-1,téžək,heavy,Bulgarian,,,
15-820-200-1,lék,light (in weight),Bulgarian,,,
15-830-200-1,mókər,"wet, damp",Bulgarian,,,
15-830-200-3,vlážen,"wet, damp",Bulgarian,,,
15-840-200-1,súx,dry,Bulgarian,,,
15-850-200-1,goréšt,hot,Bulgarian,,,
15-851-200-1,tópəl,warm,Bulgarian,,,
15-860-200-1,studén,cold,Bulgarian,,,
15-870-200-1,číst,clean,Bulgarian,,,
15-880-200-1,mrə́sen,"dirty, soiled",Bulgarian,,,
15-880-200-3,izc̷ápan,"dirty, soiled",Bulgarian,,,
15-890-200-1,sbrə́čkan,wrinkled,Bulgarian,,,
16-110-200-1,dušá,"soul, spirit",Bulgarian,,,
16-110-200-3,dúx,"soul, spirit",Bulgarian,,,
16-150-200-1,iznenádan,"surprised, astonished",Bulgarian,,,
16-150-200-3,učúden,"surprised, astonished",Bulgarian,,,
16-150-200-5,udivén,"surprised, astonished",Bulgarian,,,
16-180-200-1,[kəsmét],"good fortune, luck",Bulgarian,,,
16-180-200-3,štástie,"good fortune, luck",Bulgarian,,,
16-190-200-1,lóš [kəsmét],"misfortune, bad luck",Bulgarian,,,
16-190-200-3,neštastie,"misfortune, bad luck",Bulgarian,,,
16-230-200-1,rádosten,"joyful, glad, happy",Bulgarian,,,
16-230-200-3,štastlív,"joyful, glad, happy",Bulgarian,,,
16-250-200-1,sméja se,laugh,Bulgarian,,,
16-251-200-1,usmíxvam/ usmíxna se,smile,Bulgarian,,,
16-260-200-1,igrája,play,Bulgarian,,,
16-260-200-3,svírja,play,Bulgarian,,,
16-270-200-1,obíčam,love,Bulgarian,,,
16-270-200-3,óbič,love,Bulgarian,,,
16-270-200-5,ljubóv,love,Bulgarian,,,
16-290-200-1,c̷elúvam/ c̷elúna,kiss,Bulgarian,,,
16-300-200-1,pregrə́štam/ pregə́rna,embrace,Bulgarian,,,
16-310-200-1,bólka,pain,Bulgarian,,,
16-320-200-1,górest,"grief, sorrow, sadness",Bulgarian,,,
16-320-200-3,skrə́b,"grief, sorrow, sadness",Bulgarian,,,
16-320-200-5,žalost,"grief, sorrow, sadness",Bulgarian,,,
16-320-200-7,pečál,"grief, sorrow, sadness",Bulgarian,,,
16-320-200-9,žál,"grief, sorrow, sadness",Bulgarian,,,
16-330-200-1,bezpokójstvie/ bezpokójstvo,"anxiety, worry",Bulgarian,,,
16-330-200-3,zagríženost,"anxiety, worry",Bulgarian,,,
16-330-200-5,trevóga,"anxiety, worry",Bulgarian,,,
16-330-200-7,ugríženost,"anxiety, worry",Bulgarian,,,
16-340-200-1,səžaljávam/ səžaljá,"regret, be sorry",Bulgarian,,,
16-350-200-1,žál,pity,Bulgarian,,,
16-350-200-3,səstradánie,pity,Bulgarian,,,
16-350-200-5,mílost,pity,Bulgarian,,,
16-350-200-7,səžalénie,pity,Bulgarian,,,
16-350-200-9,žalost,pity,Bulgarian,,,
16-370-200-1,pláča,"cry, weep",Bulgarian,,,
16-380-200-1,səlzá,tear (noun),Bulgarian,,,
16-390-200-1,pə́škam,groan,Bulgarian,,,
16-390-200-3,sténa,groan,Bulgarian,,,
16-390-200-5,óxkam,groan,Bulgarian,,,
16-410-200-1,mrázja,hate,Bulgarian,,,
16-410-200-3,nenavíždam/ nenavídja,hate,Bulgarian,,,
16-420-200-1,jád,anger,Bulgarian,,,
16-420-200-3,gnjáv,anger,Bulgarian,,,
16-440-200-1,závist,"envy, jealousy",Bulgarian,,,
16-440-200-3,révnost,"envy, jealousy",Bulgarian,,,
16-450-200-1,srám,shame (noun),Bulgarian,,,
16-480-200-1,górd,proud,Bulgarian,,,
16-510-200-1,sméja,dare,Bulgarian,,,
16-510-200-3,osmeljávam/ osmeljá se,dare,Bulgarian,,,
16-520-200-1,xrábər,brave,Bulgarian,,,
16-520-200-3,smél,brave,Bulgarian,,,
16-530-200-1,stráx,"fear, fright",Bulgarian,,,
16-530-200-3,bojázən,"fear, fright",Bulgarian,,,
16-530-200-5,upláxa,"fear, fright",Bulgarian,,,
16-540-200-1,opásnost,danger,Bulgarian,,,
16-620-200-1,želája,"desire, want",Bulgarian,,,
16-620-200-3,ískam,"desire, want",Bulgarian,,,
16-622-200-1,izbíram/ izberá,choose,Bulgarian,,,
16-630-200-1,nadjávam se,hope,Bulgarian,,,
16-630-200-3,nadéžda,hope,Bulgarian,,,
16-650-200-1,véren,faithful,Bulgarian,,,
16-660-200-1,véren,true,Bulgarian,,,
16-670-200-1,lə́ža,"lie, tell lies",Bulgarian,,,
16-680-200-1,izmáma,deceit,Bulgarian,,,
16-690-200-1,proštávam/ prostjá (na),forgive,Bulgarian,,,
16-710-200-1,dobə́r,good,Bulgarian,,,
16-720-200-1,lóš,bad,Bulgarian,,,
16-730-200-1,véren,"right, correct",Bulgarian,,,
16-730-200-3,právilen,"right, correct",Bulgarian,,,
16-740-200-1,nevéren,wrong,Bulgarian,,,
16-740-200-3,neprávilen,wrong,Bulgarian,,,
16-760-200-1,gréška,fault,Bulgarian,,,
16-760-200-3,viná,fault,Bulgarian,,,
16-770-200-1,gréška,"mistake, error",Bulgarian,,,
16-770-200-3,pogréška,"mistake, error",Bulgarian,,,
16-780-200-1,viná,blame,Bulgarian,,,
16-790-200-1,poxvála,praise,Bulgarian,,,
16-810-200-1,krasív,beautiful,Bulgarian,,,
16-810-200-3,[xúbav],beautiful,Bulgarian,,,
16-820-200-1,grózen,ugly,Bulgarian,,,
16-830-200-1,lákom,greedy,Bulgarian,,,
16-830-200-3,álčen,greedy,Bulgarian,,,
16-840-200-1,úmen,clever,Bulgarian,,,
16-840-200-3,inteligénten,clever,Bulgarian,,,
16-840-200-5,xítər,clever,Bulgarian,,,
17-110-200-1,úm,mind,Bulgarian,,,
17-110-200-3,rázum,mind,Bulgarian,,,
17-130-200-1,míslja,think (= reflect),Bulgarian,,,
17-140-200-1,smjátam,think (= be of the opinion),Bulgarian,,,
17-140-200-3,míslja,think (= be of the opinion),Bulgarian,,,
17-150-200-1,vjárvam,believe,Bulgarian,,,
17-160-200-1,razbíram/ razberá,understand,Bulgarian,,,
17-170-200-1,znája,know,Bulgarian,,,
17-171-200-1,gadája,guess,Bulgarian,,,
17-171-200-3,nalúčvam/ nalúčkvam/ nalúčam/nalúčkam,guess,Bulgarian,,,
17-171-200-5,predpolágam/ predpolóža,guess,Bulgarian,,,
17-172-200-1,podražávam,imitate,Bulgarian,,,
17-172-200-3,[imitíram],imitate,Bulgarian,,,
17-180-200-1,izgléždam,seem,Bulgarian,,,
17-190-200-1,ponjátie,"idea, notion",Bulgarian,,,
17-190-200-3,predstáva,"idea, notion",Bulgarian,,,
17-190-200-5,[idéja],"idea, notion",Bulgarian,,,
17-190-200-7,mísəl,"idea, notion",Bulgarian,,,
17-210-200-1,mə́dər,wise,Bulgarian,,,
17-220-200-1,glúpav,"foolish, stupid",Bulgarian,,,
17-220-200-3,tə́p,"foolish, stupid",Bulgarian,,,
17-230-200-1,lúd,"insane, crazy",Bulgarian,,,
17-230-200-3,(umo)pobə́rkan,"insane, crazy",Bulgarian,,,
17-240-200-1,úča,learn,Bulgarian,,,
17-240-200-3,úča se,learn,Bulgarian,,,
17-240-200-5,naučávam/ naúčvam/ naúča,learn,Bulgarian,,,
17-240-200-7,izúčvam/ izúča,learn,Bulgarian,,,
17-242-200-1,úča se,study,Bulgarian,,,
17-242-200-3,úča,study,Bulgarian,,,
17-242-200-5,izučávam/ izúča,study,Bulgarian,,,
17-242-200-7,proúčvam/ proúča,study,Bulgarian,,,
17-242-200-9,slédvam,study,Bulgarian,,,
17-250-200-1,úča,teach,Bulgarian,,,
17-250-200-3,obučávam,teach,Bulgarian,,,
17-250-200-5,naučávam/ naúčvam/ naúča,teach,Bulgarian,,,
17-250-200-7,prepodávam,teach,Bulgarian,,,
17-260-200-1,učeník,pupil,Bulgarian,,,
17-270-200-1,učítel,teacher,Bulgarian,,,
17-270-200-3,prepodavátel,teacher,Bulgarian,,,
17-280-200-1,učílište,school,Bulgarian,,,
17-280-200-3,[škóla],school,Bulgarian,,,
17-310-200-1,pómnja,remember,Bulgarian,,,
17-310-200-3,zapómnjam/ zapómnja,remember,Bulgarian,,,
17-310-200-5,spómnjam/ spómnja si,remember,Bulgarian,,,
17-310-200-7,pripómnjam/ pripómnja si,remember,Bulgarian,,,
17-310-200-9,spómnjam/ spómnja si,remember,Bulgarian,,,
17-320-200-1,zabrávjam/ zabrávja,forget,Bulgarian,,,
17-340-200-1,jásen,"clear, plain",Bulgarian,,,
17-350-200-1,nejásen,obscure,Bulgarian,,,
17-350-200-3,tə́men,obscure,Bulgarian,,,
17-360-200-1,tájna,secret,Bulgarian,,,
17-370-200-1,[síguren],"sure, certain",Bulgarian,,,
17-370-200-3,uvéren,"sure, certain",Bulgarian,,,
17-380-200-1,objasnjávam/ objasnjá,explain,Bulgarian,,,
17-410-200-1,namerénie,"intention, purpose",Bulgarian,,,
17-410-200-3,c̷él,"intention, purpose",Bulgarian,,,
17-420-200-1,pričína,cause,Bulgarian,,,
17-430-200-1,səmnjávam se,doubt,Bulgarian,,,
17-440-200-1,podozíram/ podozrá,suspect,Bulgarian,,,
17-441-200-1,izdávam/ izdám,betray,Bulgarian,,,
17-441-200-3,predávam/ predám,betray,Bulgarian,,,
17-441-200-5,izménjam/ izmenjávam/ izmenjá,betray,Bulgarian,,,
17-450-200-1,núžda,"need, necessity",Bulgarian,,,
17-450-200-3,neobxodímost,"need, necessity",Bulgarian,,,
17-460-200-1,lésen,easy,Bulgarian,,,
17-470-200-1,trúden,difficult,Bulgarian,,,
17-470-200-3,téžək,difficult,Bulgarian,,,
17-480-200-1,opítvam/ opítam (se),"try, attempt",Bulgarian,,,
17-480-200-3,[próbvam],"try, attempt",Bulgarian,,,
17-490-200-1,náčin,"way, manner",Bulgarian,,,
17-490-200-3,spósob,"way, manner",Bulgarian,,,
17-510-200-1,i,and,Bulgarian,,,
17-510-200-3,a,and,Bulgarian,,,
17-520-200-1,zaštóto,because,Bulgarian,,,
17-530-200-1,akó,if,Bulgarian,,,
17-530-200-3,dalí,if,Bulgarian,,,
17-540-200-1,íli,or,Bulgarian,,,
17-550-200-1,dá,"yes, affirmative",Bulgarian,,,
17-550-200-3,utvərdítelen,"yes, affirmative",Bulgarian,,,
17-560-200-1,ne,"no, negative",Bulgarian,,,
17-560-200-3,otric̷átelen,"no, negative",Bulgarian,,,
17-610-200-1,kák?,how?,Bulgarian,,,
17-620-200-1,kólko?,how many?,Bulgarian,,,
17-630-200-1,kólko?,how much?,Bulgarian,,,
17-640-200-1,kakvó?,what?,Bulgarian,,,
17-640-200-3,štó?,what?,Bulgarian,,,
17-650-200-1,kogá?,when?,Bulgarian,,,
17-660-200-1,kədé?,where?,Bulgarian,,,
17-670-200-1,kój?,which?,Bulgarian,,,
17-680-200-1,kój?,who?,Bulgarian,,,
17-690-200-1,zaštó?,why?,Bulgarian,,,
18-110-200-1,glás,voice,Bulgarian,,,
18-120-200-1,péja,sing,Bulgarian,,,
18-130-200-1,víkam,"shout, cry out",Bulgarian,,,
18-150-200-1,šépna/ šeptjá,whisper,Bulgarian,,,
18-160-200-1,mə́nkam,mumble,Bulgarian,,,
18-160-200-3,smə́nkvam/ smə́nkam,mumble,Bulgarian,,,
18-170-200-1,svírkam,whistle,Bulgarian,,,
18-170-200-3,svírja,whistle,Bulgarian,,,
18-180-200-1,píštjá,"shriek, screech",Bulgarian,,,
18-180-200-3,kreštjá,"shriek, screech",Bulgarian,,,
18-190-200-1,víja,howl,Bulgarian,,,
18-210-200-1,govórja,"speak, talk",Bulgarian,,,
18-210-200-3,prikázvam,"speak, talk",Bulgarian,,,
18-211-200-1,zaékvam/ zaékna,"stutter, stammer",Bulgarian,,,
18-211-200-3,ečá,"stutter, stammer",Bulgarian,,,
18-211-200-5,[peltéča],"stutter, stammer",Bulgarian,,,
18-220-200-1,kázvam/ káža,say,Bulgarian,,,
18-221-200-1,razkázvam/ razkáža,tell story,Bulgarian,,,
18-221-200-3,razprávjam/ razprávja,tell story,Bulgarian,,,
18-222-200-1,(proiznásjam/ proiznesá) réč,speech (make a),Bulgarian,,,
18-230-200-1,məlčá,silent (be),Bulgarian,,,
18-240-200-1,ezík,language,Bulgarian,,,
18-260-200-1,dúma,word,Bulgarian,,,
18-280-200-1,íme,name,Bulgarian,,,
18-310-200-1,pítam,"ask (question, inquire)",Bulgarian,,,
18-310-200-3,popítvam/ popítam,"ask (question, inquire)",Bulgarian,,,
18-310-200-5,zadávam vəprós,"ask (question, inquire)",Bulgarian,,,
18-320-200-1,otgovárjam/ otgovórja,answer,Bulgarian,,,
18-330-200-1,priznávam/ priznája,"admit, confess",Bulgarian,,,
18-340-200-1,otríčam/ otreká,deny,Bulgarian,,,
18-340-200-3,otxvə́rljam/ otxvə́rlja,deny,Bulgarian,,,
18-340-200-5,oprovergávam/ oprovergája,deny,Bulgarian,,,
18-350-200-1,mólja,"ask, request",Bulgarian,,,
18-350-200-3,pomólvam/ pomólja,"ask, request",Bulgarian,,,
18-360-200-1,obeštávam/ obeštája,promise,Bulgarian,,,
18-370-200-1,otkázvam/ otkáža (na),refuse,Bulgarian,,,
18-380-200-1,zabranjávam/ zabranjá (na),forbid,Bulgarian,,,
18-390-200-1,ukorjávam/ ukorjá,"rebuke, scold",Bulgarian,,,
18-390-200-3,uprékvam/ uprékna,"rebuke, scold",Bulgarian,,,
18-390-200-5,mə́mrja,"rebuke, scold",Bulgarian,,,
18-390-200-7,xókam,"rebuke, scold",Bulgarian,,,
18-410-200-1,povíkvam/ povíkam,call (=summon),Bulgarian,,,
18-410-200-3,prizovjávam/ prizovjá,call (=summon),Bulgarian,,,
18-410-200-5,izvíkvam/ izvíkam,call (=summon),Bulgarian,,,
18-420-200-1,naríčam/ nareká,call (=name),Bulgarian,,,
18-430-200-1,objávjávam/ objávja,announce,Bulgarian,,,
18-430-200-3,razglasjávam/ razglasjá,announce,Bulgarian,,,
18-440-200-1,zaplášvam/ zapláša,threaten,Bulgarian,,,
18-440-200-3,zastrašávam/ zastrašá,threaten,Bulgarian,,,
18-450-200-1,xválja se,boast,Bulgarian,,,
18-510-200-1,píša,write,Bulgarian,,,
18-510-200-3,napísvam/ napíša,write,Bulgarian,,,
18-520-200-1,četá,read,Bulgarian,,,
18-560-200-1,[xartíja],paper,Bulgarian,,,
18-570-200-1,pisálka,pen,Bulgarian,,,
18-570-200-3,peró,pen,Bulgarian,,,
18-570-200-5,[ximikálka],pen,Bulgarian,,,
18-610-200-1,kníga,book,Bulgarian,,,
18-670-200-1,[poét],poet,Bulgarian,,,
18-670-200-3,stixotvórec̷,poet,Bulgarian,,,
18-710-200-1,[fléjta],flute,Bulgarian,,,
18-710-200-3,[kavál],flute,Bulgarian,,,
18-720-200-1,[barabán],drum,Bulgarian,,,
18-720-200-3,tə́pan,drum,Bulgarian,,,
18-730-200-1,[kórna],"horn, trumpet",Bulgarian,,,
18-730-200-3,[trompét],"horn, trumpet",Bulgarian,,,
18-730-200-5,[kornét],"horn, trumpet",Bulgarian,,,
18-740-200-1,drənkálka,rattle,Bulgarian,,,
19-110-200-1,straná,country,Bulgarian,,,
19-120-200-1,ródina,one's native country,Bulgarian,,,
19-120-200-3,otéčestvo,one's native country,Bulgarian,,,
19-150-200-1,grád,"city, town",Bulgarian,,,
19-160-200-1,sélo,village,Bulgarian,,,
19-170-200-1,gránic̷a,boundary,Bulgarian,,,
19-210-200-1,naród,people (populace),Bulgarian,,,
19-230-200-1,pléme,"tribe, clan",Bulgarian,,,
19-230-200-3,[klán],"tribe, clan",Bulgarian,,,
19-240-200-1,vóžd,"chief, chieftain",Bulgarian,,,
19-240-200-3,glavatár,"chief, chieftain",Bulgarian,,,
19-250-200-1,tojága,"staff, walking stick",Bulgarian,,,
19-250-200-3,[bastún],"staff, walking stick",Bulgarian,,,
19-250-200-5,prə́t,"staff, walking stick",Bulgarian,,,
19-310-200-1,[upravljávam],"rule, govern",Bulgarian,,,
19-320-200-1,[c̷ár],"king, ruler",Bulgarian,,,
19-320-200-3,[král],"king, ruler",Bulgarian,,,
19-330-200-1,caríca,queen,Bulgarian,,,
19-330-200-3,kralíca,queen,Bulgarian,,,
19-360-200-1,blagoródnik,"noble, nobleman",Bulgarian,,,
19-360-200-3,[aristokrát],"noble, nobleman",Bulgarian,,,
19-370-200-1,graždanín,"citizen, subject",Bulgarian,,,
19-370-200-3,[pódanik],"citizen, subject",Bulgarian,,,
19-410-200-1,gospodár,master,Bulgarian,,,
19-420-200-1,rób,slave,Bulgarian,,,
19-430-200-1,slúga,servant,Bulgarian,,,
19-440-200-1,svobóden čovék,freeman,Bulgarian,,,
19-440-200-3,počéten čovék,freeman,Bulgarian,,,
19-450-200-1,zapovjádvam/ zapovjádam,"command, order",Bulgarian,,,
19-450-200-3,[kománduvam],"command, order",Bulgarian,,,
19-460-200-1,podčinjávam/ podčinjá se,obey,Bulgarian,,,
19-460-200-3,pokorjávam/ pokorjá se,obey,Bulgarian,,,
19-460-200-5,slédvam,obey,Bulgarian,,,
19-460-200-7,slúšam,obey,Bulgarian,,,
19-470-200-1,pozvoljávam/ pozvoljá,"let, permit",Bulgarian,,,
19-470-200-3,razrešávam/ razrešá,"let, permit",Bulgarian,,,
19-470-200-5,púskam/ púštam/ púsna,"let, permit",Bulgarian,,,
19-510-200-1,prijátel,"friend, companion",Bulgarian,,,
19-510-200-3,drugár,"friend, companion",Bulgarian,,,
19-520-200-1,vrág,enemy,Bulgarian,,,
19-520-200-3,neprijátel,enemy,Bulgarian,,,
19-540-200-1,səséd,neighbor,Bulgarian,,,
19-550-200-1,nepoznát,stranger,Bulgarian,,,
19-550-200-3,čuždenéc,stranger,Bulgarian,,,
19-560-200-1,góst,guest,Bulgarian,,,
19-570-200-1,[domakín],host,Bulgarian,,,
19-580-200-1,pomágam/ pomógna,"help, aid",Bulgarian,,,
19-590-200-1,vəzprepjátstvuvam,"hinder, prevent",Bulgarian,,,
19-590-200-3,préča,"hinder, prevent",Bulgarian,,,
19-610-200-1,običáj,custom,Bulgarian,,,
19-620-200-1,[konflíkt],"strife, quarrel",Bulgarian,,,
19-620-200-3,[kavgá],"strife, quarrel",Bulgarian,,,
19-620-200-5,káranica,"strife, quarrel",Bulgarian,,,
19-620-200-7,rázpra,"strife, quarrel",Bulgarian,,,
19-620-200-9,spór,"strife, quarrel",Bulgarian,,,
19-630-200-1,zágovor,"conspiracy, plot",Bulgarian,,,
19-630-200-3,[konspirácija],"conspiracy, plot",Bulgarian,,,
19-650-200-1,sréštam/ sréštna (se s),meet,Bulgarian,,,
19-720-200-1,[prostitútka],prostitute,Bulgarian,,,
19-720-200-3,[publíčna] žená,prostitute,Bulgarian,,,
20-110-200-1,sražávam se,fight (vb),Bulgarian,,,
20-110-200-3,bórja se,fight (vb),Bulgarian,,,
20-110-200-5,bíja se,fight (vb),Bulgarian,,,
20-110-200-7,vojúvam,fight (vb),Bulgarian,,,
20-130-200-1,vojná,"war, battle",Bulgarian,,,
20-130-200-3,sražénie,"war, battle",Bulgarian,,,
20-130-200-5,bój,"war, battle",Bulgarian,,,
20-140-200-1,mír,peace,Bulgarian,,,
20-150-200-1,[ármija],army,Bulgarian,,,
20-150-200-3,vojská,army,Bulgarian,,,
20-170-200-1,vojník,soldier,Bulgarian,,,
20-170-200-3,[voénen],soldier,Bulgarian,,,
20-170-200-5,vóin,soldier,Bulgarian,,,
20-210-200-1,orə́žija,"weapons, arms",Bulgarian,,,
20-220-200-1,tojága,club,Bulgarian,,,
20-220-200-3,prə́t,club,Bulgarian,,,
20-220-200-5,[sópa],club,Bulgarian,,,
20-222-200-1,bójna [brádva],battle-ax,Bulgarian,,,
20-222-200-3,topór,battle-ax,Bulgarian,,,
20-230-200-1,práška,sling,Bulgarian,,,
20-240-200-1,lə́k,bow,Bulgarian,,,
20-250-200-1,strelá,arrow,Bulgarian,,,
20-260-200-1,kópie,spear,Bulgarian,,,
20-270-200-1,méč,sword,Bulgarian,,,
20-280-200-1,orə́die,"gun, cannon",Bulgarian,,,
20-280-200-3,púška,"gun, cannon",Bulgarian,,,
20-280-200-5,[tóp],"gun, cannon",Bulgarian,,,
20-310-200-1,[brónja],armor (defensive),Bulgarian,,,
20-310-200-3,[dospéxi],armor (defensive),Bulgarian,,,
20-310-200-5,ríznic̷a,armor (defensive),Bulgarian,,,
20-330-200-1,šlém,helmet,Bulgarian,,,
20-330-200-3,[káska],helmet,Bulgarian,,,
20-340-200-1,štít,shield,Bulgarian,,,
20-350-200-1,[krépost],fortress,Bulgarian,,,
20-360-200-1,[kúla],tower,Bulgarian,,,
20-410-200-1,pobéda,victory,Bulgarian,,,
20-420-200-1,poražénie,defeat,Bulgarian,,,
20-420-200-3,pobéda,defeat,Bulgarian,,,
20-430-200-1,napádam/ napádna,attack,Bulgarian,,,
20-440-200-1,zaštišávam/ zaštitávam/ zaštitjá,defend,Bulgarian,,,
20-450-200-1,otstə́pvam/ otstə́pja,retreat,Bulgarian,,,
20-450-200-3,ottégljam/ ottéglja se,retreat,Bulgarian,,,
20-450-200-5,[otdrə́pvam/ otdrə́pna se],retreat,Bulgarian,,,
20-460-200-1,predávam/ predám se,surrender,Bulgarian,,,
20-460-200-3,[kapitulíram],surrender,Bulgarian,,,
20-470-200-1,plénnik,"captive, prisoner",Bulgarian,,,
20-470-200-3,zatvórnik,"captive, prisoner",Bulgarian,,,
20-471-200-1,[karaúl],"guard, sentinel",Bulgarian,,,
20-471-200-3,stráža,"guard, sentinel",Bulgarian,,,
20-471-200-5,[časoví,"guard, sentinel",Bulgarian,,,
20-471-200-7,časovój],"guard, sentinel",Bulgarian,,,
20-471-200-9,oxrána,"guard, sentinel",Bulgarian,,,
20-480-200-1,pljáčka,"booty, spoils",Bulgarian,,,
20-480-200-3,voénni [troféi],"booty, spoils",Bulgarian,,,
20-490-200-1,zasáda,ambush,Bulgarian,,,
20-490-200-3,klópka,ambush,Bulgarian,,,
20-490-200-5,[kapán],ambush,Bulgarian,,,
20-510-200-1,ribár,fisherman,Bulgarian,,,
20-520-200-1,və́dic̷a,fishhook,Bulgarian,,,
20-530-200-1,[kórda],fishing line,Bulgarian,,,
20-530-200-3,vrə́v,fishing line,Bulgarian,,,
20-530-200-5,[šnúr],fishing line,Bulgarian,,,
20-540-200-1,ribárska mréža,fishnet,Bulgarian,,,
20-560-200-1,strə́v,bait,Bulgarian,,,
20-610-200-1,lóvja,hunt,Bulgarian,,,
20-610-200-3,xódja na lóv,hunt,Bulgarian,,,
20-610-200-5,lovúvam,hunt,Bulgarian,,,
20-620-200-1,stréljam,shoot,Bulgarian,,,
20-620-200-3,zastrélvam/ zastréljam,shoot,Bulgarian,,,
20-620-200-5,razstrélvam,shoot,Bulgarian,,,
20-630-200-1,ne ulúčvam/ ulúča,miss (target),Bulgarian,,,
20-640-200-1,[kapán],trap (noun),Bulgarian,,,
20-640-200-3,klópka,trap (noun),Bulgarian,,,
20-640-200-5,prímka,trap (noun),Bulgarian,,,
20-650-200-1,xváštam/ xvána v [kapán],trap (vb),Bulgarian,,,
20-650-200-3,vprímčvam/ vprímča,trap (vb),Bulgarian,,,
21-110-200-1,právo,law,Bulgarian,,,
21-110-200-3,[jurisprudénc̷ija],law,Bulgarian,,,
21-110-200-5,zakón,law,Bulgarian,,,
21-150-200-1,sə́d,court,Bulgarian,,,
21-160-200-1,sə́dja,judge (vb),Bulgarian,,,
21-170-200-1,rešénie,judgment,Bulgarian,,,
21-170-200-3,prisəda,judgment,Bulgarian,,,
21-180-200-1,sədijá,judge (noun),Bulgarian,,,
21-210-200-1,[ištéc],plaintiff,Bulgarian,,,
21-220-200-1,podsədím,defendant,Bulgarian,,,
21-220-200-3,[otvétnik],defendant,Bulgarian,,,
21-230-200-1,svidétel,witness,Bulgarian,,,
21-240-200-1,zaklé̈vam/ zakəlná se,swear,Bulgarian,,,
21-240-200-3,kəlná se,swear,Bulgarian,,,
21-250-200-1,klétva,oath,Bulgarian,,,
21-310-200-1,obvinjávam/ obvinjá,accuse,Bulgarian,,,
21-320-200-1,osə́ždam/ osə́dja,condemn,Bulgarian,,,
21-330-200-1,namíram/ namérja za vinóven,convict (vb),Bulgarian,,,
21-330-200-3,osə́ždam/ osə́dja,convict (vb),Bulgarian,,,
21-340-200-1,opravdávam/ opravdája,acquit,Bulgarian,,,
21-350-200-1,vinóven,guilty,Bulgarian,,,
21-360-200-1,nevínen,innocent,Bulgarian,,,
21-370-200-1,nakazánie,"penalty, punishment",Bulgarian,,,
21-380-200-1,glóba,fine,Bulgarian,,,
21-390-200-1,zatvór,"prison, jail",Bulgarian,,,
21-390-200-3,təmníca,"prison, jail",Bulgarian,,,
21-420-200-1,ubívam/ ubíja,murder,Bulgarian,,,
21-430-200-1,preljubodejánie/ preljubodéjstvie,adultery,Bulgarian,,,
21-430-200-3,preljubodéjstvo,adultery,Bulgarian,,,
21-440-200-1,iznasílvane,rape,Bulgarian,,,
21-460-200-1,paléž,arson,Bulgarian,,,
21-470-200-1,ləžesvidételstvuvane,perjury,Bulgarian,,,
21-510-200-1,kradá,steal,Bulgarian,,,
21-510-200-3,otkrádvam/ otkrádna,steal,Bulgarian,,,
21-520-200-1,kradéc̷,thief,Bulgarian,,,
22-110-200-1,[relígija],religion,Bulgarian,,,
22-110-200-3,vjára,religion,Bulgarian,,,
22-120-200-1,Bóg,God,Bulgarian,,,
22-130-200-1,xrám,"temple, church",Bulgarian,,,
22-130-200-3,[c̷ə́rkva],"temple, church",Bulgarian,,,
22-130-200-5,čérkva,"temple, church",Bulgarian,,,
22-140-200-1,[oltár],altar,Bulgarian,,,
22-150-200-1,[žértva],"sacrifice, offering",Bulgarian,,,
22-150-200-3,žertvoprinošénie],"sacrifice, offering",Bulgarian,,,
22-160-200-1,preklánjam/ preklonjá se pred,worship,Bulgarian,,,
22-160-200-3,obožávam,worship,Bulgarian,,,
22-170-200-1,mólja se,pray,Bulgarian,,,
22-180-200-1,svešténik,priest,Bulgarian,,,
22-180-200-3,[póp],priest,Bulgarian,,,
22-190-200-1,svját,"holy, sacred",Bulgarian,,,
22-190-200-3,sveštén,"holy, sacred",Bulgarian,,,
22-220-200-1,[propovjádvam],preach,Bulgarian,,,
22-230-200-1,[blagoslávjam],bless,Bulgarian,,,
22-240-200-1,proklínam/ prokəlná,curse,Bulgarian,,,
22-240-200-3,kəlná,curse,Bulgarian,,,
22-260-200-1,[póstja],fast (vb),Bulgarian,,,
22-310-200-1,nebé,heaven,Bulgarian,,,
22-310-200-3,[ráj],heaven,Bulgarian,,,