ID,Name,Parameter,Language,Frequency,Confidence,References
1-100-179-1,lume,world,Romanian,,,
1-210-179-1,pami_nt,"earth, land",Romanian,,,
1-210-179-3,t_ar__,"earth, land",Romanian,,,
1-213-179-1,praf,dust,Romanian,,,
1-213-179-3,pulbere,dust,Romanian,,,
1-214-179-1,noroiu,mud,Romanian,,,
1-215-179-1,nisip,sand,Romanian,,,
1-220-179-1,munte,"mountain, hill",Romanian,,,
1-220-179-3,deal,"mountain, hill",Romanian,,,
1-220-179-5,colina,"mountain, hill",Romanian,,,
1-230-179-1,ci_mp,"plain, field",Romanian,,,
1-240-179-1,vale,valley,Romanian,,,
1-250-179-1,insula_,island,Romanian,,,
1-250-179-3,(ostrov),island,Romanian,,,
1-260-179-1,continent,mainland,Romanian,,,
1-270-179-1,mal,shore,Romanian,,,
1-270-179-3,t___rm,shore,Romanian,,,
1-270-179-5,coasta_,shore,Romanian,,,
1-310-179-1,apa_,water,Romanian,,,
1-320-179-1,mare,sea,Romanian,,,
1-330-179-1,lac,lake,Romanian,,,
1-340-179-1,golf,"gulf, bay",Romanian,,,
1-350-179-1,val,wave,Romanian,,,
1-350-179-3,talaz,wave,Romanian,,,
1-350-179-5,(unda_),wave,Romanian,,,
1-360-179-1,fluviu,"river, stream, brook",Romanian,,,
1-360-179-3,ri___,"river, stream, brook",Romanian,,,
1-360-179-5,pi_rî__7,"river, stream, brook",Romanian,,,
1-370-179-1,izvor,"spring, well",Romanian,,,
1-370-179-3,put_,"spring, well",Romanian,,,
1-370-179-5,fi_ntîn__-,"spring, well",Romanian,,,
1-410-179-1,pa_dure,"woods, forest",Romanian,,,
1-420-179-1,arbore,tree (cf 08.600),Romanian,,,
1-420-179-3,copac,tree (cf 08.600),Romanian,,,
1-430-179-1,lemn,wood,Romanian,,,
1-440-179-1,piatra_,"stone, rock",Romanian,,,
1-440-179-3,sti_nc__,"stone, rock",Romanian,,,
1-440-179-5,roca_,"stone, rock",Romanian,,,
1-510-179-1,cer,sky,Romanian,,,
1-520-179-1,soare,sun,Romanian,,,
1-530-179-1,luna_,moon,Romanian,,,
1-540-179-1,stea,star,Romanian,,,
1-550-179-1,fulger,lightning,Romanian,,,
1-560-179-1,tunet,thunder,Romanian,,,
1-570-179-1,tra_snet,lightning (as striking),Romanian,,,
1-610-179-1,lumina_,light (noun),Romanian,,,
1-620-179-1,i_ntuneric,darkness,Romanian,,,
1-630-179-1,umbra_,"shade, shadow",Romanian,,,
1-710-179-1,aer,air,Romanian,,,
1-710-179-3,vazduh,air,Romanian,,,
1-720-179-1,vi_nt,wind,Romanian,,,
1-730-179-1,nor,cloud,Romanian,,,
1-740-179-1,ceat___,fog,Romanian,,,
1-740-179-3,negura_,fog,Romanian,,,
1-750-179-1,ploaie,rain (noun),Romanian,,,
1-760-179-1,za_pad__,snow (noun),Romanian,,,
1-770-179-1,ghiat___,ice,Romanian,,,
1-780-179-1,timp,weather,Romanian,,,
1-780-179-3,vreme,weather,Romanian,,,
1-810-179-1,foc,fire,Romanian,,,
1-820-179-1,flaca_r__,flame (noun),Romanian,,,
1-830-179-1,fum,smoke (noun),Romanian,,,
1-840-179-1,cenus_e,ashes,Romanian,,,
1-860-179-1,aprinde,"light, kindle, ignite",Romanian,,,
1-860-179-3,i_ncinge,"light, kindle, ignite",Romanian,,,
1-870-179-1,chibrit,match (noun),Romanian,,,
2-100-179-1,om,"person, human being",Romanian,,,
2-210-179-1,ba_rbat,man (vs. woman),Romanian,,,
2-210-179-3,om,man (vs. woman),Romanian,,,
2-220-179-1,femeie,woman,Romanian,,,
2-230-179-1,ba_rb__tesc,male,Romanian,,,
2-240-179-1,femeiesc,female,Romanian,,,
2-250-179-1,ba_iat,boy,Romanian,,,
2-250-179-3,(fa_t),boy,Romanian,,,
2-260-179-1,fata_,girl,Romanian,,,
2-270-179-1,copil,child,Romanian,,,
2-280-179-1,copilas_,"infant, baby",Romanian,,,
2-280-179-3,prunc,"infant, baby",Romanian,,,
2-310-179-1,sot_,husband,Romanian,,,
2-320-179-1,sot_ie,wife,Romanian,,,
2-320-179-3,nevasta_,wife,Romanian,,,
2-330-179-1,se ca_s__tori,marry,Romanian,,,
2-330-179-3,se i_nsura,marry,Romanian,,,
2-330-179-5,se ma_rita,marry,Romanian,,,
2-340-179-1,ca_satorie,"marriage, wedding",Romanian,,,
2-340-179-3,nunta_,"marriage, wedding",Romanian,,,
2-350-179-1,tata_,father,Romanian,,,
2-360-179-1,mama_,mother,Romanian,,,
2-370-179-1,pa_rin____,parents,Romanian,,,
2-410-179-1,fiu,son,Romanian,,,
2-420-179-1,fi_c__,daughter,Romanian,,,
2-440-179-1,frate,brother,Romanian,,,
2-450-179-1,sora_,sister,Romanian,,,
2-460-179-1,tata_ mare,grandfather,Romanian,,,
2-460-179-3,bunic,grandfather,Romanian,,,
2-470-179-1,mama_ mare,grandmother,Romanian,,,
2-470-179-3,bunica,grandmother,Romanian,,,
2-480-179-1,nepot,grandson,Romanian,,,
2-490-179-1,nepoata_,granddaughter,Romanian,,,
2-510-179-1,unchiu,uncle,Romanian,,,
2-520-179-1,ma_tu____,aunt,Romanian,,,
2-530-179-1,nepot,nephew,Romanian,,,
2-540-179-1,nepoata_,niece,Romanian,,,
2-550-179-1,va_r,cousin,Romanian,,,
2-550-179-3,vara_,cousin,Romanian,,,
2-550-179-5,veris_or,cousin,Romanian,,,
2-550-179-7,veris_oar__,cousin,Romanian,,,
2-560-179-1,stramos_i,ancestors,Romanian,,,
2-560-179-3,strabuni,ancestors,Romanian,,,
2-570-179-1,descendent_i,descendants,Romanian,,,
2-570-179-3,cobori_tori,descendants,Romanian,,,
2-610-179-1,socru,father-in-law (of a man),Romanian,,,
2-620-179-1,socra,mother-in-law (of a man),Romanian,,,
2-630-179-1,ginere,son-in-law (of a man),Romanian,,,
2-640-179-1,nora,daughter-in-law (of a man),Romanian,,,
2-710-179-1,tata_ vitreg,stepfather,Romanian,,,
2-720-179-1,mama_ vitreg__,stepmother,Romanian,,,
2-730-179-1,fiu vitreg,stepson,Romanian,,,
2-740-179-1,fata_ vitreg__,stepdaughter,Romanian,,,
2-750-179-1,orfan,orphan,Romanian,,,
2-750-179-3,orfana_,orphan,Romanian,,,
2-760-179-1,va_duv__,widow,Romanian,,,
2-810-179-1,rude,"relatives, kinsmen",Romanian,,,
2-820-179-1,familie,family,Romanian,,,
3-110-179-1,animal,animal,Romanian,,,
3-110-179-3,bestie,animal,Romanian,,,
3-120-179-1,ba_rbatesc,male (adj),Romanian,,,
3-130-179-1,femeiesc,female (adj),Romanian,,,
3-150-179-1,vite,livestock,Romanian,,,
3-150-179-3,(dobitoc),livestock,Romanian,,,
3-160-179-1,paste,pasture,Romanian,,,
3-180-179-1,cioban,herdsman,Romanian,,,
3-180-179-3,(pa_stor),herdsman,Romanian,,,
3-190-179-1,staul,"stable, stall",Romanian,,,
3-190-179-3,grajd,"stable, stall",Romanian,,,
3-200-179-1,vite,cattle (bovine),Romanian,,,
3-210-179-1,taur,bull,Romanian,,,
3-220-179-1,bou,ox,Romanian,,,
3-230-179-1,vaca_,cow,Romanian,,,
3-240-179-1,vit_el,calf,Romanian,,,
3-250-179-1,oaie,sheep,Romanian,,,
3-260-179-1,berbec,ram,Romanian,,,
3-280-179-1,oaie,ewe,Romanian,,,
3-290-179-1,micl,lamb,Romanian,,,
3-320-179-1,vier,boar,Romanian,,,
3-340-179-1,scroafa_,sow (2),Romanian,,,
3-340-179-3,purcea,sow (2),Romanian,,,
3-350-179-1,purcel,pig,Romanian,,,
3-360-179-1,capra_,goat,Romanian,,,
3-370-179-1,t_ap,he-goat,Romanian,,,
3-380-179-1,caprioara_,kid,Romanian,,,
3-410-179-1,cal,horse (equine),Romanian,,,
3-420-179-1,arma_sar,stallion,Romanian,,,
3-440-179-1,iapa_,mare,Romanian,,,
3-450-179-1,mi_nz,"foal, colt",Romanian,,,
3-460-179-1,asin,"ass, donkey",Romanian,,,
3-460-179-3,ma_gar,"ass, donkey",Romanian,,,
3-470-179-1,cati_r,mule,Romanian,,,
3-520-179-1,cocos_,"cock, rooster",Romanian,,,
3-540-179-1,ga_in__,hen,Romanian,,,
3-550-179-1,puiu de ga_in__,chicken,Romanian,,,
3-560-179-1,gi_sc__,goose,Romanian,,,
3-570-179-1,rat___,duck,Romanian,,,
3-581-179-1,pasa_re,bird,Romanian,,,
3-610-179-1,ci_ine,dog,Romanian,,,
3-620-179-1,pisica_,cat,Romanian,,,
3-630-179-1,s_oarece,"mouse, rat",Romanian,,,
3-650-179-1,pes_te,fish,Romanian,,,
3-710-179-1,lup,wolf,Romanian,,,
3-720-179-1,leu,lion,Romanian,,,
3-730-179-1,urs,bear,Romanian,,,
3-740-179-1,vulpe,fox,Romanian,,,
3-750-179-1,cerb,deer,Romanian,,,
3-760-179-1,maimut___,monkey,Romanian,,,
3-770-179-1,elefant,elephant,Romanian,,,
3-780-179-1,ca_mil__,camel,Romanian,,,
3-820-179-1,albina_,bee,Romanian,,,
3-830-179-1,musca_,fly,Romanian,,,
3-840-179-1,vierme,worm,Romanian,,,
3-850-179-1,s_arpe,snake,Romanian,,,
4-110-179-1,corp,body,Romanian,,,
4-120-179-1,piele,"skin, hide",Romanian,,,
4-130-179-1,carne,flesh,Romanian,,,
4-140-179-1,pa_r,hair (head),Romanian,,,
4-142-179-1,barba_,beard,Romanian,,,
4-150-179-1,si_nge,blood,Romanian,,,
4-160-179-1,os,bone,Romanian,,,
4-162-179-1,coasta_,rib,Romanian,,,
4-170-179-1,corn,horn,Romanian,,,
4-180-179-1,coada_,tail,Romanian,,,
4-190-179-1,spate,back,Romanian,,,
4-190-179-3,dos,back,Romanian,,,
4-200-179-1,cap,head,Romanian,,,
4-202-179-1,craniu,skull,Romanian,,,
4-203-179-1,creieri,brain,Romanian,,,
4-204-179-1,fat___,face,Romanian,,,
4-204-179-3,obraz,face,Romanian,,,
4-205-179-1,frunte,forehead,Romanian,,,
4-207-179-1,falca_,jaw,Romanian,,,
4-208-179-1,obraz,cheek,Romanian,,,
4-208-179-3,buca_,cheek,Romanian,,,
4-209-179-1,barbie,chin,Romanian,,,
4-210-179-1,ochiu,eye,Romanian,,,
4-212-179-1,spri_ncean__,eyebrow,Romanian,,,
4-220-179-1,ureche,ear,Romanian,,,
4-230-179-1,nas,nose,Romanian,,,
4-240-179-1,gura_,mouth,Romanian,,,
4-250-179-1,buza_,lip,Romanian,,,
4-260-179-1,limba_,tongue,Romanian,,,
4-270-179-1,dinte,tooth,Romanian,,,
4-280-179-1,gi_t,neck,Romanian,,,
4-290-179-1,gi_tlej,throat,Romanian,,,
4-290-179-3,beregata_,throat,Romanian,,,
4-300-179-1,uma_r,shoulder,Romanian,,,
4-310-179-1,brat_,arm,Romanian,,,
4-320-179-1,cot,elbow,Romanian,,,
4-330-179-1,mi_n__,hand,Romanian,,,
4-340-179-1,deget,finger,Romanian,,,
4-342-179-1,degetul cel gros,thumb,Romanian,,,
4-342-179-3,policar,thumb,Romanian,,,
4-344-179-1,unghis,fingernail,Romanian,,,
4-350-179-1,picior,leg,Romanian,,,
4-360-179-1,genunchiu,knee,Romanian,,,
4-370-179-1,picior,foot,Romanian,,,
4-380-179-1,deget de la picior,toe,Romanian,,,
4-392-179-1,aripa_,wing,Romanian,,,
4-393-179-1,pana_,feather,Romanian,,,
4-400-179-1,piept,chest,Romanian,,,
4-410-179-1,t_â____7,breast (of woman),Romanian,,,
4-420-179-1,uger,udder,Romanian,,,
4-430-179-1,buric,navel,Romanian,,,
4-440-179-1,inima_,heart,Romanian,,,
4-450-179-1,ficat,liver,Romanian,,,
4-460-179-1,pi_ntece,stomach,Romanian,,,
4-460-179-3,stomac,stomach,Romanian,,,
4-470-179-1,pi_ntece,womb,Romanian,,,
4-490-179-1,testicul,testicle,Romanian,,,
4-490-179-3,bos_,testicle,Romanian,,,
4-490-179-5,coi___,testicle,Romanian,,,
4-492-179-1,put___,penis,Romanian,,,
4-510-179-1,ra_sufla,"breathe, breath",Romanian,,,
4-510-179-3,ra_suflare,"breathe, breath",Romanian,,,
4-520-179-1,ca_sca,"yawn, gape",Romanian,,,
4-530-179-1,tus_i,cough,Romanian,,,
4-540-179-1,stra_nuta,sneeze,Romanian,,,
4-550-179-1,sudoare,perspire,Romanian,,,
4-550-179-3,na_du__eal__,perspire,Romanian,,,
4-560-179-1,scuipa,spit,Romanian,,,
4-570-179-1,va_rsa,vomit,Romanian,,,
4-570-179-3,vomita,vomit,Romanian,,,
4-580-179-1,mus_ca,bite,Romanian,,,
4-590-179-1,linge,lick,Romanian,,,
4-610-179-1,dormi,sleep,Romanian,,,
4-610-179-3,somn,sleep,Romanian,,,
4-620-179-1,vis,dream,Romanian,,,
4-630-179-1,des_tepta,wake up,Romanian,,,
4-640-179-1,ba___i,break wind,Romanian,,,
4-650-179-1,urina,urinate,Romanian,,,
4-650-179-3,pis_a,urinate,Romanian,,,
4-660-179-1,ca_ca,defecate,Romanian,,,
4-660-179-3,ca_cat,defecate,Romanian,,,
4-670-179-1,fute,have sexual intercourse,Romanian,,,
4-710-179-1,nas_te,beget (of father),Romanian,,,
4-720-179-1,nas_te,born (to be),Romanian,,,
4-730-179-1,i_ns__rcinat__,pregnant,Romanian,,,
4-730-179-3,grea,pregnant,Romanian,,,
4-740-179-1,tra_i,"live, living, life",Romanian,,,
4-740-179-3,viet_ui,"live, living, life",Romanian,,,
4-740-179-5,viu,"live, living, life",Romanian,,,
4-740-179-7,i_n via____,"live, living, life",Romanian,,,
4-740-179-9,viat___,"live, living, life",Romanian,,,
4-750-179-1,muri,"die, dead",Romanian,,,
4-750-179-3,mort,"die, dead",Romanian,,,
4-750-179-5,moarte,"die, dead",Romanian,,,
4-760-179-1,omori_,kill,Romanian,,,
4-760-179-3,ucide,kill,Romanian,,,
4-770-179-1,cadavru,corpse,Romanian,,,
4-770-179-3,les_,corpse,Romanian,,,
4-780-179-1,i_nmormîntag,bury (the dead),Romanian,,,
4-780-179-3,i_ngropa,bury (the dead),Romanian,,,
4-790-179-1,mormi_nt,"grave, tomb",Romanian,,,
4-790-179-3,groapa_,"grave, tomb",Romanian,,,
4-810-179-1,tare,"strong, mighty, powerful",Romanian,,,
4-810-179-3,puternic,"strong, mighty, powerful",Romanian,,,
4-820-179-1,slab,weak,Romanian,,,
4-830-179-1,sa_n__tos,"well, health",Romanian,,,
4-830-179-3,sa_n__tate,"well, health",Romanian,,,
4-840-179-1,bolnav,"sick, sickness",Romanian,,,
4-840-179-3,boala_,"sick, sickness",Romanian,,,
4-850-179-1,rana_,"wound, sore",Romanian,,,
4-860-179-1,vindeca,"cure, heal",Romanian,,,
4-860-179-3,ta_m__dui,"cure, heal",Romanian,,,
4-870-179-1,medic,physician,Romanian,,,
4-880-179-1,medicament,"medicine, drug",Romanian,,,
4-880-179-3,leac,"medicine, drug",Romanian,,,
4-880-179-5,doctorie,"medicine, drug",Romanian,,,
4-890-179-1,otrava_,poison,Romanian,,,
4-890-179-3,venin,poison,Romanian,,,
4-910-179-1,obosit,"tired, weary",Romanian,,,
4-920-179-1,lenes_,lazy,Romanian,,,
4-920-179-3,tri_ndav,lazy,Romanian,,,
4-930-179-1,chel,bald,Romanian,,,
4-930-179-3,ples_uv,bald,Romanian,,,
4-940-179-1,s_chiop,lame,Romanian,,,
4-950-179-1,surd,deaf,Romanian,,,
4-960-179-1,mut,mute,Romanian,,,
4-970-179-1,orb,blind,Romanian,,,
4-980-179-1,beat,intoxicated,Romanian,,,
4-990-179-1,gol,"naked, bare",Romanian,,,
5-110-179-1,mi_nca,eat,Romanian,,,
5-120-179-1,hrana_,food,Romanian,,,
5-120-179-3,mi_ncare,food,Romanian,,,
5-130-179-1,bea,drink,Romanian,,,
5-140-179-1,foame,hunger,Romanian,,,
5-150-179-1,sete,thirst,Romanian,,,
5-160-179-1,suge,suck,Romanian,,,
5-210-179-1,ga_ti,cook,Romanian,,,
5-210-179-3,coace,cook,Romanian,,,
5-220-179-1,fierbe,boil (vb),Romanian,,,
5-230-179-1,frige,"roast, fry",Romanian,,,
5-230-179-3,pra_ji,"roast, fry",Romanian,,,
5-240-179-1,coace (in cuptor),bake,Romanian,,,
5-250-179-1,cuptor,oven,Romanian,,,
5-260-179-1,oala_,"pot, cooking vessel",Romanian,,,
5-270-179-1,ca_ldare,kettle,Romanian,,,
5-280-179-1,tigaie,pan,Romanian,,,
5-280-179-3,tingire,pan,Romanian,,,
5-280-179-5,cratit___,pan,Romanian,,,
5-310-179-1,farfurie,dish,Romanian,,,
5-320-179-1,farfurie (taler),plate,Romanian,,,
5-330-179-1,strachina_,bowl,Romanian,,,
5-330-179-3,bol,bowl,Romanian,,,
5-340-179-1,urcior,"pitcher, jug",Romanian,,,
5-350-179-1,ceas_c__,"cup, drinking vessel",Romanian,,,
5-350-179-3,cupa_,"cup, drinking vessel",Romanian,,,
5-370-179-1,lingura_,spoon,Romanian,,,
5-380-179-1,cut_it,knife (2),Romanian,,,
5-390-179-1,furculit___,fork (2),Romanian,,,
5-410-179-1,masa_,meal (a),Romanian,,,
5-410-179-3,mi_ncare,meal (a),Romanian,,,
5-420-179-1,pri_n__isor,breakfast,Romanian,,,
5-430-179-1,dejun,lunch,Romanian,,,
5-440-179-1,pri_nz,dinner,Romanian,,,
5-440-179-3,masa_,dinner,Romanian,,,
5-450-179-1,masa_ de sear__,supper,Romanian,,,
5-450-179-3,cina_,supper,Romanian,,,
5-450-179-5,ojina,supper,Romanian,,,
5-510-179-1,pi_ine,bread,Romanian,,,
5-530-179-1,aluat,dough,Romanian,,,
5-540-179-1,fra_mînta-,knead,Romanian,,,
5-550-179-1,fa_in__,"meal, flour",Romanian,,,
5-560-179-1,ma_cina,"crush, grind",Romanian,,,
5-570-179-1,moara_,mill,Romanian,,,
5-570-179-3,ri___ni____,mill,Romanian,,,
5-610-179-1,carne,meat,Romanian,,,
5-630-179-1,ci_rna__,sausage,Romanian,,,
5-640-179-1,supa_,"soup, broth",Romanian,,,
5-640-179-3,ciorba_,"soup, broth",Romanian,,,
5-650-179-1,legume,vegetables,Romanian,,,
5-650-179-3,zarzavat,vegetables,Romanian,,,
5-660-179-1,fasole,bean,Romanian,,,
5-700-179-1,cartof,potato,Romanian,,,
5-710-179-1,poama_,fruit,Romanian,,,
5-710-179-3,fruct,fruit,Romanian,,,
5-750-179-1,smochina_,fig,Romanian,,,
5-760-179-1,strugure,grape,Romanian,,,
5-770-179-1,nuca_,nut,Romanian,,,
5-780-179-1,ma_slin__,olive,Romanian,,,
5-790-179-1,uleiu,oil,Romanian,,,
5-810-179-1,sare,salt,Romanian,,,
5-820-179-1,piper,pepper,Romanian,,,
5-840-179-1,miere,honey,Romanian,,,
5-850-179-1,zaha_r,sugar,Romanian,,,
5-860-179-1,lapte,milk (noun),Romanian,,,
5-870-179-1,mulge,milk (vb),Romanian,,,
5-880-179-1,brinza_,cheese,Romanian,,,
5-890-179-1,unt,butter,Romanian,,,
5-910-179-1,hidromel,mead,Romanian,,,
5-910-179-3,mied,mead,Romanian,,,
5-920-179-1,vin,wine,Romanian,,,
5-930-179-1,bere,beer,Romanian,,,
6-110-179-1,i_mbr__ca,put on (clothes),Romanian,,,
6-120-179-1,i_mbr__c__minte,"clothing, clothes",Romanian,,,
6-120-179-3,hai_ne,"clothing, clothes",Romanian,,,
6-130-179-1,croi_tor,tailor,Romanian,,,
6-210-179-1,stofa_,cloth,Romanian,,,
6-210-179-3,postav,cloth,Romanian,,,
6-210-179-5,pa_nur__,cloth,Romanian,,,
6-220-179-1,li_n__,wool,Romanian,,,
6-230-179-1,pi_nz__,"linen, flax",Romanian,,,
6-230-179-3,in,"linen, flax",Romanian,,,
6-240-179-1,bumbac,cotton,Romanian,,,
6-250-179-1,ma_tase,silk,Romanian,,,
6-270-179-1,pi_sl__,felt,Romanian,,,
6-280-179-1,blana_,fur,Romanian,,,
6-290-179-1,piele,leather,Romanian,,,
6-310-179-1,toarce,spin,Romanian,,,
6-320-179-1,fus,spindle,Romanian,,,
6-330-179-1,t_ese,weave,Romanian,,,
6-340-179-1,ra_zboiu,loom,Romanian,,,
6-350-179-1,coase,sew,Romanian,,,
6-360-179-1,ac,needle,Romanian,,,
6-370-179-1,sula_,awl,Romanian,,,
6-380-179-1,fir,thread,Romanian,,,
6-390-179-1,boi,dye,Romanian,,,
6-390-179-3,va_psi,dye,Romanian,,,
6-410-179-1,manta,cloak,Romanian,,,
6-430-179-1,haina_,coat,Romanian,,,
6-440-179-1,ca_ma____,shirt,Romanian,,,
6-450-179-1,guler,collar,Romanian,,,
6-450-179-3,guleras_,collar,Romanian,,,
6-460-179-1,fusta_,skirt,Romanian,,,
6-480-179-1,pantaloni,trousers,Romanian,,,
6-490-179-1,ciorap,"stocking, sock",Romanian,,,
6-510-179-1,gheata_,shoe,Romanian,,,
6-510-179-3,i_ncal__aminte,shoe,Romanian,,,
6-520-179-1,cizma_,boot,Romanian,,,
6-540-179-1,cizmar,"shoemaker, cobbler",Romanian,,,
6-550-179-1,pa_l__rie,"hat, cap",Romanian,,,
6-550-179-3,s_apc__,"hat, cap",Romanian,,,
6-570-179-1,cinga_toare,"belt, girdle",Romanian,,,
6-570-179-3,curea,"belt, girdle",Romanian,,,
6-570-179-5,colan,"belt, girdle",Romanian,,,
6-580-179-1,ma_nu____,glove,Romanian,,,
6-590-179-1,va_l,veil,Romanian,,,
6-610-179-1,buzunar,pocket,Romanian,,,
6-620-179-1,nasture,button,Romanian,,,
6-630-179-1,ac (cu ga_m__lie),pin,Romanian,,,
6-710-179-1,podoaba_,"ornament, adornment",Romanian,,,
6-720-179-1,giuvaer,jewel,Romanian,,,
6-730-179-1,inel,ring (for finger),Romanian,,,
6-740-179-1,bra___ar__,bracelet,Romanian,,,
6-750-179-1,colier,necklace,Romanian,,,
6-750-179-3,ghiordan,necklace,Romanian,,,
6-810-179-1,batista_,"handkerchief, rag",Romanian,,,
6-810-179-3,basma,"handkerchief, rag",Romanian,,,
6-820-179-1,prosop,towel,Romanian,,,
6-820-179-3,pes_chir,towel,Romanian,,,
6-910-179-1,pieptene,comb,Romanian,,,
6-920-179-1,perie,brush,Romanian,,,
6-930-179-1,briciu,razor,Romanian,,,
6-940-179-1,unsoare,ointment,Romanian,,,
6-940-179-3,alifie,ointment,Romanian,,,
6-950-179-1,sa_pun,soap,Romanian,,,
6-960-179-1,oglinda_,mirror,Romanian,,,
7-110-179-1,locui,"dwell, live",Romanian,,,
7-110-179-3,s_edea (tr__i),"dwell, live",Romanian,,,
7-120-179-1,casa_,house,Romanian,,,
7-130-179-1,coliba_,hut,Romanian,,,
7-130-179-3,bordeiu,hut,Romanian,,,
7-140-179-1,cort,tent,Romanian,,,
7-140-179-3,s_atr__,tent,Romanian,,,
7-150-179-1,curte,"yard, court",Romanian,,,
7-210-179-1,odaie,room,Romanian,,,
7-210-179-3,camera_,room,Romanian,,,
7-220-179-1,us___,"door, gate",Romanian,,,
7-220-179-3,poarta_,"door, gate",Romanian,,,
7-230-179-1,broasca_,lock (noun),Romanian,,,
7-240-179-1,cheie,key,Romanian,,,
7-250-179-1,fereastra_ (geam),window,Romanian,,,
7-260-179-1,pardoseala_,floor,Romanian,,,
7-260-179-3,dus_umea,floor,Romanian,,,
7-270-179-1,zid,wall,Romanian,,,
7-270-179-3,pa_rete,wall,Romanian,,,
7-310-179-1,vatra_,fireplace,Romanian,,,
7-310-179-3,ca_min,fireplace,Romanian,,,
7-320-179-1,soba_,stove,Romanian,,,
7-330-179-1,cos_,chimney,Romanian,,,
7-420-179-1,pat,bed,Romanian,,,
7-430-179-1,scaun,chair,Romanian,,,
7-440-179-1,masa_,table,Romanian,,,
7-450-179-1,lampa_,"lamp, torch",Romanian,,,
7-460-179-1,lumi_nare,candle,Romanian,,,
8-110-179-1,agricultor,farmer,Romanian,,,
8-110-179-3,t___ran,farmer,Romanian,,,
8-120-179-1,ci_mp,field (for cultivation),Romanian,,,
8-130-179-1,gra_din__,garden,Romanian,,,
8-150-179-1,cultiva,"cultivate, till",Romanian,,,
8-210-179-1,ara,plow,Romanian,,,
8-210-179-3,plug,plow,Romanian,,,
8-212-179-1,brazda_,furrow,Romanian,,,
8-220-179-1,sa_pa,dig,Romanian,,,
8-230-179-1,lopata_,spade,Romanian,,,
8-240-179-1,lopata_,shovel,Romanian,,,
8-250-179-1,sapa_,hoe,Romanian,,,
8-260-179-1,furca_,fork,Romanian,,,
8-270-179-1,grebla_,rake,Romanian,,,
8-310-179-1,sema_na,sow,Romanian,,,
8-310-179-3,sa_mîn__a-,sow,Romanian,,,
8-320-179-1,secera,"mow, reap",Romanian,,,
8-320-179-3,cosi,"mow, reap",Romanian,,,
8-330-179-1,secere,"sickle, scythe",Romanian,,,
8-330-179-3,coasa_,"sickle, scythe",Romanian,,,
8-340-179-1,treera,thresh,Romanian,,,
8-350-179-1,arie,threshing-floor,Romanian,,,
8-410-179-1,seceris_,"crop, harvest",Romanian,,,
8-410-179-3,recolta_,"crop, harvest",Romanian,,,
8-420-179-1,gri_ne,"grain (barley, oats etc)",Romanian,,,
8-430-179-1,gri_u,wheat,Romanian,,,
8-440-179-1,orz,barley,Romanian,,,
8-450-179-1,secara_,rye,Romanian,,,
8-460-179-1,ova_s,oats,Romanian,,,
8-470-179-1,porumb,"maize, corn",Romanian,,,
8-480-179-1,orez,rice,Romanian,,,
8-510-179-1,iarba_,grass,Romanian,,,
8-520-179-1,fi_n,hay,Romanian,,,
8-530-179-1,planta_,plant (noun),Romanian,,,
8-530-179-3,iarba_,plant (noun),Romanian,,,
8-540-179-1,ra_d__cin__,root,Romanian,,,
8-550-179-1,ramura_,branch,Romanian,,,
8-550-179-3,craca_,branch,Romanian,,,
8-560-179-1,frunza_ (foaie),leaf,Romanian,,,
8-570-179-1,floare,flower,Romanian,,,
8-610-179-1,stejar,oak,Romanian,,,
8-620-179-1,fag,beech,Romanian,,,
8-630-179-1,mesteaca_n,birch,Romanian,,,
8-640-179-1,pin,pine,Romanian,,,
8-650-179-1,brad,fir,Romanian,,,
8-660-179-1,ghinda_,acorn,Romanian,,,
8-670-179-1,vit_a,vine,Romanian,,,
8-680-179-1,tutun,tobacco,Romanian,,,
8-690-179-1,bea tutun,smoke (tobacco),Romanian,,,
9-110-179-1,face,"do, make",Romanian,,,
9-120-179-1,lucru,work,Romanian,,,
9-120-179-3,munca_,work,Romanian,,,
9-120-179-5,opera_,work,Romanian,,,
9-140-179-1,i_ncovoia,bend,Romanian,,,
9-140-179-3,pleca,bend,Romanian,,,
9-150-179-1,i_ndoi,fold,Romanian,,,
9-160-179-1,lega,"tie, bind",Romanian,,,
9-180-179-1,lant_,chain,Romanian,,,
9-190-179-1,fri_nghie,"rope, cord",Romanian,,,
9-190-179-3,funie,"rope, cord",Romanian,,,
9-190-179-5,s_nur,"rope, cord",Romanian,,,
9-192-179-1,nod,knot (noun),Romanian,,,
9-210-179-1,lovi,"strike (hit, beat)",Romanian,,,
9-210-179-3,bate,"strike (hit, beat)",Romanian,,,
9-220-179-1,ta_ia,cut,Romanian,,,
9-230-179-1,cut_it,knife,Romanian,,,
9-240-179-1,foarfeci,"scissors, shears",Romanian,,,
9-250-179-1,topor,ax,Romanian,,,
9-250-179-3,secure,ax,Romanian,,,
9-260-179-1,sparge,break,Romanian,,,
9-260-179-3,fri_nge (rupe),break,Romanian,,,
9-270-179-1,despica,split,Romanian,,,
9-280-179-1,rupe,tear,Romanian,,,
9-290-179-1,jupui,"flay, skin",Romanian,,,
9-310-179-1,freca,"rub, wipe",Romanian,,,
9-320-179-1,i_ntinde,stretch,Romanian,,,
9-330-179-1,trage,pull,Romanian,,,
9-340-179-1,as_terne,spread out,Romanian,,,
9-340-179-3,i_mpr____tia,spread out,Romanian,,,
9-342-179-1,presa,press,Romanian,,,
9-350-179-1,va_rsa,pour,Romanian,,,
9-350-179-3,turna,pour,Romanian,,,
9-360-179-1,spa_la,wash,Romanian,,,
9-360-179-3,la,wash,Romanian,,,
9-370-179-1,ma_tura,sweep,Romanian,,,
9-380-179-1,ma_tur__,broom,Romanian,,,
9-422-179-1,unealta_,tool,Romanian,,,
9-430-179-1,dulgher,carpenter,Romanian,,,
9-430-179-3,teslar,carpenter,Romanian,,,
9-440-179-1,cla_di,build,Romanian,,,
9-440-179-3,zidi,build,Romanian,,,
9-460-179-1,ga_uri,bore,Romanian,,,
9-480-179-1,ferestra_u,saw,Romanian,,,
9-490-179-1,ciocan,hammer,Romanian,,,
9-500-179-1,cuiu,nail,Romanian,,,
9-600-179-1,fa_urar,"smith, blacksmith",Romanian,,,
9-600-179-3,fierar,"smith, blacksmith",Romanian,,,
9-610-179-1,fa_uri,forge,Romanian,,,
9-620-179-1,nicovala_,anvil,Romanian,,,
9-630-179-1,turna,cast (metals),Romanian,,,
9-640-179-1,aur,gold,Romanian,,,
9-650-179-1,argint,silver,Romanian,,,
9-660-179-1,cupru,"copper, bronze",Romanian,,,
9-660-179-3,arama_,"copper, bronze",Romanian,,,
9-660-179-5,bronz,"copper, bronze",Romanian,,,
9-670-179-1,fier,iron,Romanian,,,
9-680-179-1,plumb,lead (noun),Romanian,,,
9-690-179-1,cositor,"tin, tinplate",Romanian,,,
9-690-179-3,tinichea,"tin, tinplate",Romanian,,,
9-710-179-1,olar,potter,Romanian,,,
9-720-179-1,forma,mold (clay etc),Romanian,,,
9-720-179-3,modela,mold (clay etc),Romanian,,,
9-730-179-1,argila_,clay,Romanian,,,
9-730-179-3,lut,clay,Romanian,,,
9-730-179-5,huma_,clay,Romanian,,,
9-740-179-1,sticla_,glass,Romanian,,,
9-750-179-1,i_mpleti,"weave, plait",Romanian,,,
9-760-179-1,cos_,basket,Romanian,,,
9-760-179-3,paner,basket,Romanian,,,
9-810-179-1,sculpta,carve,Romanian,,,
9-820-179-1,sculptor,sculptor,Romanian,,,
9-830-179-1,statue,statue,Romanian,,,
9-840-179-1,dalta_,chisel,Romanian,,,
9-880-179-1,va_psea,paint (noun),Romanian,,,
9-890-179-1,va_psi,paint (vb),Romanian,,,
9-890-179-3,zugra_vi,paint (vb),Romanian,,,
10-110-179-1,mis_ca,move,Romanian,,,
10-120-179-1,i_ntoarce,turn over,Romanian,,,
10-130-179-1,i_nvîrti7,turn around,Romanian,,,
10-140-179-1,i_ncol__ci,"wind, wrap",Romanian,,,
10-140-179-3,i_nf____ura,"wind, wrap",Romanian,,,
10-140-179-5,depa_na,"wind, wrap",Romanian,,,
10-150-179-1,rostogoli,roll,Romanian,,,
10-210-179-1,se scula,rise,Romanian,,,
10-210-179-3,se ridica,rise,Romanian,,,
10-220-179-1,ridica,"raise, lift",Romanian,,,
10-230-179-1,ca_dea,fall,Romanian,,,
10-240-179-1,pica_tur__,drip,Romanian,,,
10-240-179-3,strop (guta_),drip,Romanian,,,
10-250-179-1,arunca,throw,Romanian,,,
10-260-179-1,scutura,shake,Romanian,,,
10-320-179-1,curge,flow,Romanian,,,
10-330-179-1,scufunda,sink,Romanian,,,
10-340-179-1,pluti,float,Romanian,,,
10-350-179-1,i_nota,swim,Romanian,,,
10-360-179-1,naviga,sail (vb),Romanian,,,
10-370-179-1,sbura,fly (vb),Romanian,,,
10-380-179-1,sufla,blow,Romanian,,,
10-410-179-1,se ti_rî7,"creep, crawl",Romanian,,,
10-420-179-1,aluneca,"slide, slip",Romanian,,,
10-430-179-1,sa_ri,"jump, leap",Romanian,,,
10-440-179-1,dansa,dance,Romanian,,,
10-440-179-3,juca,dance,Romanian,,,
10-450-179-1,umbla,walk,Romanian,,,
10-450-179-3,merge,walk,Romanian,,,
10-460-179-1,alerga,run,Romanian,,,
10-470-179-1,merge,go,Romanian,,,
10-470-179-3,umbla,go,Romanian,,,
10-480-179-1,veni,come,Romanian,,,
10-490-179-1,pleca,"go away, depart",Romanian,,,
10-510-179-1,fugi,flee,Romanian,,,
10-520-179-1,urma,follow,Romanian,,,
10-530-179-1,urmari,pursue,Romanian,,,
10-530-179-3,goni,pursue,Romanian,,,
10-550-179-1,ajunge,"reach, arrive",Romanian,,,
10-550-179-3,sosi,"reach, arrive",Romanian,,,
10-560-179-1,apropia,approach,Romanian,,,
10-570-179-1,intra,enter,Romanian,,,
10-610-179-1,purta,carry (bear),Romanian,,,
10-610-179-3,duce,carry (bear),Romanian,,,
10-620-179-1,aduce,bring,Romanian,,,
10-640-179-1,duce,lead (vb),Romanian,,,
10-640-179-3,conduce,lead (vb),Romanian,,,
10-650-179-1,goni,drive,Romanian,,,
10-650-179-3,mi_na,drive,Romanian,,,
10-660-179-1,umbla (merge) ca_lare,ride,Romanian,,,
10-660-179-3,cu tra_sura,ride,Romanian,,,
10-670-179-1,i_mpinge,"push, shove",Romanian,,,
10-670-179-3,i_mbrînci9,"push, shove",Romanian,,,
10-710-179-1,drum,road,Romanian,,,
10-710-179-3,cale,road,Romanian,,,
10-720-179-1,ca_rare,path,Romanian,,,
10-740-179-1,pod,bridge,Romanian,,,
10-750-179-1,tra_sur__,"carriage, wagon, cart",Romanian,,,
10-750-179-3,ca_ru____,"carriage, wagon, cart",Romanian,,,
10-750-179-5,car,"carriage, wagon, cart",Romanian,,,
10-760-179-1,roata_,wheel,Romanian,,,
10-770-179-1,osie,axle,Romanian,,,
10-780-179-1,jug,yoke,Romanian,,,
10-810-179-1,corabie,ship,Romanian,,,
10-830-179-1,luntre,boat,Romanian,,,
10-830-179-3,barca_,boat,Romanian,,,
10-840-179-1,pluta_,raft,Romanian,,,
10-850-179-1,vi_sl__,oar,Romanian,,,
10-850-179-3,lopata_,oar,Romanian,,,
10-860-179-1,ci_rm__,rudder,Romanian,,,
10-870-179-1,catart,mast,Romanian,,,
10-880-179-1,pi_nz__,sail (noun),Romanian,,,
10-890-179-1,ancora_,anchor,Romanian,,,
10-910-179-1,port,"harbor, port",Romanian,,,
11-110-179-1,avea,have,Romanian,,,
11-120-179-1,poseda,"own, possess",Romanian,,,
11-130-179-1,lua,take,Romanian,,,
11-140-179-1,apuca,"seize, grasp",Romanian,,,
11-140-179-3,prinde,"seize, grasp",Romanian,,,
11-150-179-1,t_ine,hold,Romanian,,,
11-160-179-1,ca_p__ta,"get, obtain",Romanian,,,
11-160-179-3,obt_ine,"get, obtain",Romanian,,,
11-170-179-1,t_ine,"keep, retain",Romanian,,,
11-210-179-1,da,give,Romanian,,,
11-220-179-1,i_napo__a,give back,Romanian,,,
11-240-179-1,pa_stra,"preserve, look after",Romanian,,,
11-250-179-1,mi_ntui,"save, rescue",Romanian,,,
11-250-179-3,sca_pa,"save, rescue",Romanian,,,
11-270-179-1,distruge,destroy,Romanian,,,
11-280-179-1,face ra_u,"harm, injure, damage",Romanian,,,
11-280-179-3,va_t__ma,"harm, injure, damage",Romanian,,,
11-310-179-1,ca_uta (cerca),"seek, look for",Romanian,,,
11-320-179-1,ga_si,find,Romanian,,,
11-320-179-3,afla,find,Romanian,,,
11-330-179-1,pierde,lose,Romanian,,,
11-340-179-1,la_sa,"release, let go",Romanian,,,
11-430-179-1,bani,money,Romanian,,,
11-430-179-3,parale,money,Romanian,,,
11-440-179-1,moneda_,coin,Romanian,,,
11-440-179-3,ban,coin,Romanian,,,
11-510-179-1,bogat,rich,Romanian,,,
11-520-179-1,sa_rac,poor,Romanian,,,
11-530-179-1,cers_etor,beggar,Romanian,,,
11-540-179-1,sgi_rcit,"avaricious, stingy",Romanian,,,
11-540-179-3,avar,"avaricious, stingy",Romanian,,,
11-540-179-5,scump,"avaricious, stingy",Romanian,,,
11-610-179-1,i_mprumuta,lend,Romanian,,,
11-610-179-3,da cu i_mprumut,lend,Romanian,,,
11-620-179-1,i_mprumuta,borrow,Romanian,,,
11-620-179-3,lua cu i_mprumut,borrow,Romanian,,,
11-630-179-1,datori,owe,Romanian,,,
11-640-179-1,datorie,debt,Romanian,,,
11-650-179-1,pla_ti,pay (vb),Romanian,,,
11-660-179-1,socoteala_,"account, reckoning",Romanian,,,
11-660-179-3,cont,"account, reckoning",Romanian,,,
11-690-179-1,impozit,"tax, tribute",Romanian,,,
11-690-179-3,taxa_,"tax, tribute",Romanian,,,
11-770-179-1,tocmi,hire,Romanian,,,
11-780-179-1,leafa_,wages,Romanian,,,
11-780-179-3,plata_,wages,Romanian,,,
11-790-179-1,ci_stiga,earn,Romanian,,,
11-810-179-1,cumpa_ra,buy,Romanian,,,
11-820-179-1,vinde,sell,Romanian,,,
11-830-179-1,negocia,"trade, barter",Romanian,,,
11-830-179-3,negustori,"trade, barter",Romanian,,,
11-830-179-5,trafica,"trade, barter",Romanian,,,
11-840-179-1,negustor,merchant,Romanian,,,
11-840-179-3,comerciante,merchant,Romanian,,,
11-850-179-1,ti_rg,market (place),Romanian,,,
11-860-179-1,pra_v__lie,"store, shop",Romanian,,,
11-860-179-3,magazin,"store, shop",Romanian,,,
11-870-179-1,pret_,price,Romanian,,,
11-880-179-1,scump,"dear (costly, expensive)",Romanian,,,
11-890-179-1,ieftin,cheap,Romanian,,,
12-110-179-1,loc,place,Romanian,,,
12-120-179-1,pune,put,Romanian,,,
12-120-179-3,ba_ga,put,Romanian,,,
12-130-179-1,sedea,sit,Romanian,,,
12-140-179-1,fi culcat (zace),lie down,Romanian,,,
12-150-179-1,sta in picioare,stand,Romanian,,,
12-160-179-1,ra_mînea7,"remain, stay",Romanian,,,
12-160-179-3,as_tepta,"remain, stay",Romanian,,,
12-170-179-1,ra_mînea7,"remains, left overs",Romanian,,,
12-210-179-1,aduna,"collect, gather",Romanian,,,
12-210-179-3,culege,"collect, gather",Romanian,,,
12-220-179-1,i_mpreuna,"join, unite",Romanian,,,
12-220-179-3,uni,"join, unite",Romanian,,,
12-230-179-1,despa_r__i,separate,Romanian,,,
12-230-179-3,separa,separate,Romanian,,,
12-232-179-1,diviza,divide,Romanian,,,
12-240-179-1,deschide,open,Romanian,,,
12-250-179-1,i_nchide,"shut, close",Romanian,,,
12-260-179-1,acoperi,cover,Romanian,,,
12-270-179-1,ascunde,"hide, conceal",Romanian,,,
12-310-179-1,i_nalt,high,Romanian,,,
12-320-179-1,jos,low,Romanian,,,
12-330-179-1,vi_rf,top,Romanian,,,
12-330-179-3,culme,top,Romanian,,,
12-340-179-1,fund,bottom,Romanian,,,
12-350-179-1,capa_t,end,Romanian,,,
12-352-179-1,vi_rf,pointed,Romanian,,,
12-353-179-1,tais,edge,Romanian,,,
12-353-179-3,margine,edge,Romanian,,,
12-360-179-1,parte,side,Romanian,,,
12-370-179-1,mijlociu,"middle, center",Romanian,,,
12-410-179-1,drept,right (side),Romanian,,,
12-420-179-1,sti_ng,left (side),Romanian,,,
12-430-179-1,aproape,near (adv),Romanian,,,
12-440-179-1,departe,far (adv),Romanian,,,
12-450-179-1,est,east,Romanian,,,
12-450-179-3,ra_s__rit,east,Romanian,,,
12-460-179-1,vest,west,Romanian,,,
12-460-179-3,apus,west,Romanian,,,
12-470-179-1,nord,north,Romanian,,,
12-480-179-1,sud,south,Romanian,,,
12-530-179-1,cres_te,grow,Romanian,,,
12-540-179-1,ma_sura,measure,Romanian,,,
12-550-179-1,mare,"large, big",Romanian,,,
12-560-179-1,mic,"small, little",Romanian,,,
12-570-179-1,lung,long,Romanian,,,
12-590-179-1,scurt,short,Romanian,,,
12-610-179-1,lat (larg),"wide, broad",Romanian,,,
12-620-179-1,strimt,narrow,Romanian,,,
12-620-179-3,i_ngust,narrow,Romanian,,,
12-630-179-1,gros,thick (in dimension),Romanian,,,
12-650-179-1,subt_ire,thin (in dimension),Romanian,,,
12-670-179-1,adi_nc,deep,Romanian,,,
12-680-179-1,put_in adînce,shallow,Romanian,,,
12-710-179-1,s_es,flat,Romanian,,,
12-710-179-3,lat,flat,Romanian,,,
12-730-179-1,drept,straight,Romanian,,,
12-740-179-1,stri_mb,crooked,Romanian,,,
12-750-179-1,ci_rlig,hook,Romanian,,,
12-760-179-1,colt_,corner,Romanian,,,
12-770-179-1,cruce,cross,Romanian,,,
12-780-179-1,pa_trat,square,Romanian,,,
12-810-179-1,rotund,round,Romanian,,,
12-820-179-1,cerc,circle,Romanian,,,
12-830-179-1,glob,"sphere, ball",Romanian,,,
12-830-179-3,sfera_,"sphere, ball",Romanian,,,
12-850-179-1,gaura_,hole,Romanian,,,
12-920-179-1,asemenea,"like, similar",Romanian,,,
12-930-179-1,schimba,change,Romanian,,,
13-140-179-1,fiecare,"every, all",Romanian,,,
13-140-179-3,tot,"every, all",Romanian,,,
13-140-179-5,tofi_,"every, all",Romanian,,,
13-150-179-1,mult,"much, many",Romanian,,,
13-160-179-1,mai mult,more,Romanian,,,
13-170-179-1,put_in,"little (quantity), few",Romanian,,,
13-180-179-1,destul,enough,Romanian,,,
13-190-179-1,mult_ine,"multitude, crowd",Romanian,,,
13-190-179-3,gloata_,"multitude, crowd",Romanian,,,
13-210-179-1,plin,full,Romanian,,,
13-220-179-1,gol,empty,Romanian,,,
13-220-179-3,des_ert,empty,Romanian,,,
13-230-179-1,parte,"part, piece",Romanian,,,
13-240-179-1,juma_tate (sb.),half,Romanian,,,
13-330-179-1,singur,"alone, only",Romanian,,,
13-330-179-3,unic,"alone, only",Romanian,,,
13-330-179-5,numai,"alone, only",Romanian,,,
13-340-179-1,prim (i_ntîi__)d,first,Romanian,,,
13-350-179-1,ultim,last,Romanian,,,
13-420-179-1,al treilea,third,Romanian,,,
13-440-179-1,de trei ori_,three times,Romanian,,,
14-110-179-1,timp,time,Romanian,,,
14-110-179-3,vreme,time,Romanian,,,
14-120-179-1,virsta_,age,Romanian,,,
14-120-179-3,etate,age,Romanian,,,
14-130-179-1,nou,new,Romanian,,,
14-140-179-1,ti_n__r,young,Romanian,,,
14-140-179-3,june,young,Romanian,,,
14-150-179-1,vechiu,old,Romanian,,,
14-150-179-3,ba_trîn1,old,Romanian,,,
14-160-179-1,de vreme,early,Romanian,,,
14-160-179-3,de dimineat___,early,Romanian,,,
14-170-179-1,ti_rziu,late,Romanian,,,
14-180-179-1,acum,now,Romanian,,,
14-190-179-1,i_ndat__,immediately,Romanian,,,
14-210-179-1,repede,"swift, fast, quick",Romanian,,,
14-210-179-3,iute,"swift, fast, quick",Romanian,,,
14-220-179-1,i_ncet,slow,Romanian,,,
14-230-179-1,se gra_bi,"hasten, hurry",Romanian,,,
14-240-179-1,i_ntîrzia9,"retard, delay",Romanian,,,
14-240-179-3,za_bovi,"retard, delay",Romanian,,,
14-250-179-1,i_ncepe,"begin, beginning",Romanian,,,
14-250-179-3,i_nceput,"begin, beginning",Romanian,,,
14-252-179-1,dura,"last, endure",Romanian,,,
14-260-179-1,sfi_r__it,end (temporal),Romanian,,,
14-270-179-1,ispra_vi,finish,Romanian,,,
14-270-179-3,sfirs_i,finish,Romanian,,,
14-280-179-1,i_nceta,"cease, stop",Romanian,,,
14-290-179-1,gata,ready,Romanian,,,
14-310-179-1,totdeauna,always,Romanian,,,
14-320-179-1,adesea,often,Romanian,,,
14-330-179-1,ci_teodat__,sometimes,Romanian,,,
14-330-179-3,uneori,sometimes,Romanian,,,
14-340-179-1,nici_-odat__,never,Romanian,,,
14-350-179-1,iar,again,Romanian,,,
14-410-179-1,zi,day,Romanian,,,
14-420-179-1,noapte,night,Romanian,,,
14-430-179-1,zori,dawn,Romanian,,,
14-430-179-3,aurora_,dawn,Romanian,,,
14-440-179-1,dimineat___,morning,Romanian,,,
14-450-179-1,amiazi,"noon, midday",Romanian,,,
14-450-179-3,miezul zilei,"noon, midday",Romanian,,,
14-460-179-1,seara_,evening,Romanian,,,
14-470-179-1,asta_zi,today,Romanian,,,
14-470-179-3,azi,today,Romanian,,,
14-480-179-1,mi___ne,tomorrow,Romanian,,,
14-490-179-1,ieri,yesterday,Romanian,,,
14-510-179-1,ceas,hour,Romanian,,,
14-530-179-1,orologiu,"clock, timepiece",Romanian,,,
14-530-179-3,ceasornic,"clock, timepiece",Romanian,,,
14-610-179-1,sa_pt__mîn__i,week,Romanian,,,
14-620-179-1,duminica_,Sunday,Romanian,,,
14-630-179-1,luni,Monday,Romanian,,,
14-640-179-1,marti,Tuesday,Romanian,,,
14-650-179-1,miercuri,Wednesday,Romanian,,,
14-660-179-1,joui,Thursday,Romanian,,,
14-670-179-1,vineri,Friday,Romanian,,,
14-680-179-1,si_mb__t__,Saturday,Romanian,,,
14-710-179-1,luna_,month,Romanian,,,
14-730-179-1,an,year,Romanian,,,
14-740-179-1,iarna_,winter,Romanian,,,
14-750-179-1,prima_var__,spring,Romanian,,,
14-760-179-1,vara_,summer,Romanian,,,
14-770-179-1,toamna_,autumn,Romanian,,,
15-210-179-1,mirosi,smell (vb intrans),Romanian,,,
15-220-179-1,mirosi,smell (vb trans),Romanian,,,
15-250-179-1,mirositor,"fragrant, good smelling",Romanian,,,
15-260-179-1,puturos,"stinking, bad smelling",Romanian,,,
15-310-179-1,gusta,taste,Romanian,,,
15-350-179-1,dulce,sweet,Romanian,,,
15-360-179-1,sa_rat,salty,Romanian,,,
15-370-179-1,amar,bitter,Romanian,,,
15-380-179-1,acru,"acid, sour",Romanian,,,
15-410-179-1,auzi,hear,Romanian,,,
15-420-179-1,asculta,listen,Romanian,,,
15-440-179-1,sunet,"sound, noise",Romanian,,,
15-450-179-1,tare,loud,Romanian,,,
15-510-179-1,vedea,see,Romanian,,,
15-520-179-1,se uita,"look, look at",Romanian,,,
15-550-179-1,ara_ta,show,Romanian,,,
15-560-179-1,stra_luci,shine,Romanian,,,
15-560-179-3,luci,shine,Romanian,,,
15-570-179-1,stra_lucitor,bright,Romanian,,,
15-570-179-3,luminos,bright,Romanian,,,
15-610-179-1,coloare,color,Romanian,,,
15-610-179-3,fat___,color,Romanian,,,
15-620-179-1,deschis,light (in color),Romanian,,,
15-630-179-1,i_nchis,dark (in color),Romanian,,,
15-640-179-1,alb,white,Romanian,,,
15-650-179-1,negru,black,Romanian,,,
15-660-179-1,ros_iu,red,Romanian,,,
15-670-179-1,albastru,blue,Romanian,,,
15-680-179-1,verde,green,Romanian,,,
15-690-179-1,galben,yellow,Romanian,,,
15-710-179-1,atinge,touch,Romanian,,,
15-720-179-1,pipa_ti,feel,Romanian,,,
15-740-179-1,tare,hard,Romanian,,,
15-750-179-1,moale,soft,Romanian,,,
15-760-179-1,aspru,rough,Romanian,,,
15-770-179-1,neted,smooth,Romanian,,,
15-780-179-1,ascut_it,sharp,Romanian,,,
15-780-179-3,ta_ios,sharp,Romanian,,,
15-790-179-1,tocit,"blunt, dull",Romanian,,,
15-810-179-1,greu,heavy,Romanian,,,
15-820-179-1,us_or,light (in weight),Romanian,,,
15-830-179-1,ud,"wet, damp",Romanian,,,
15-830-179-3,umed,"wet, damp",Romanian,,,
15-840-179-1,uscat,dry,Romanian,,,
15-840-179-3,sec,dry,Romanian,,,
15-850-179-1,cald,hot,Romanian,,,
15-860-179-1,rece,cold,Romanian,,,
15-860-179-3,friguros,cold,Romanian,,,
15-870-179-1,curat,clean,Romanian,,,
15-880-179-1,murdar,"dirty, soiled",Romanian,,,
16-110-179-1,suflet,"soul, spirit",Romanian,,,
16-110-179-3,spirit,"soul, spirit",Romanian,,,
16-150-179-1,mirare,"surprised, astonished",Romanian,,,
16-180-179-1,noroc,"good fortune, luck",Romanian,,,
16-190-179-1,nenorocire,"misfortune, bad luck",Romanian,,,
16-230-179-1,vesel,"joyful, glad, happy",Romanian,,,
16-230-179-3,voios,"joyful, glad, happy",Romanian,,,
16-230-179-5,bucuros,"joyful, glad, happy",Romanian,,,
16-250-179-1,ri_de,laugh,Romanian,,,
16-250-179-3,suri_de,laugh,Romanian,,,
16-250-179-5,zimbi,laugh,Romanian,,,
16-260-179-1,se juca,play,Romanian,,,
16-270-179-1,iubire,love,Romanian,,,
16-270-179-3,dragoste,love,Romanian,,,
16-270-179-5,amor,love,Romanian,,,
16-270-179-7,iubi,love,Romanian,,,
16-290-179-1,sa_ruta,kiss,Romanian,,,
16-310-179-1,durere,pain,Romanian,,,
16-310-179-3,suferint___,pain,Romanian,,,
16-320-179-1,mi_hnire,"grief, sorrow, sadness",Romanian,,,
16-320-179-3,supa_rare,"grief, sorrow, sadness",Romanian,,,
16-330-179-1,i_ngrijorare,"anxiety, worry",Romanian,,,
16-330-179-3,nelinis_te,"anxiety, worry",Romanian,,,
16-340-179-1,regreta,"regret, be sorry",Romanian,,,
16-340-179-3,se ca_i,"regret, be sorry",Romanian,,,
16-350-179-1,mila_,pity,Romanian,,,
16-370-179-1,pli_nge,"cry, weep",Romanian,,,
16-380-179-1,lacrima_,tear (noun),Romanian,,,
16-390-179-1,geme,groan,Romanian,,,
16-410-179-1,ura_,hate,Romanian,,,
16-420-179-1,mi_nie,anger,Romanian,,,
16-440-179-1,i_nvidie,"envy, jealousy",Romanian,,,
16-440-179-3,gelozie,"envy, jealousy",Romanian,,,
16-450-179-1,rus_ine,shame (noun),Romanian,,,
16-480-179-1,mi_ndru,proud,Romanian,,,
16-510-179-1,i_ndr__zni,dare,Romanian,,,
16-510-179-3,cuteza,dare,Romanian,,,
16-520-179-1,viteaz,brave,Romanian,,,
16-520-179-3,brav,brave,Romanian,,,
16-520-179-5,curagios,brave,Romanian,,,
16-530-179-1,frica_,"fear, fright",Romanian,,,
16-530-179-3,teama_,"fear, fright",Romanian,,,
16-530-179-5,spaima_,"fear, fright",Romanian,,,
16-540-179-1,pericol,danger,Romanian,,,
16-540-179-3,primejdie,danger,Romanian,,,
16-620-179-1,dori,"desire, want",Romanian,,,
16-630-179-1,sperant_a,hope,Romanian,,,
16-630-179-3,na_dejde,hope,Romanian,,,
16-650-179-1,credincios,faithful,Romanian,,,
16-650-179-3,statornic,faithful,Romanian,,,
16-660-179-1,adeva_r (sb.),TRUE,Romanian,,,
16-660-179-3,adeva_rat,TRUE,Romanian,,,
16-670-179-1,minciuna_,"lie, tell lies",Romanian,,,
16-680-179-1,ins_el__ciune,deceit,Romanian,,,
16-680-179-3,ama_gire,deceit,Romanian,,,
16-690-179-1,ierta,forgive,Romanian,,,
16-710-179-1,bun,good,Romanian,,,
16-720-179-1,ra___,bad,Romanian,,,
16-730-179-1,drept,"right, correct",Romanian,,,
16-730-179-3,just,"right, correct",Romanian,,,
16-760-179-1,vina_,fault,Romanian,,,
16-770-179-1,gres_al__,"mistake, error",Romanian,,,
16-780-179-1,blam,blame,Romanian,,,
16-790-179-1,lauda_,praise,Romanian,,,
16-810-179-1,frumos,beautiful,Romanian,,,
16-820-179-1,uri_t,ugly,Romanian,,,
17-110-179-1,minte,mind,Romanian,,,
17-130-179-1,cugeta,think (= reflect),Romanian,,,
17-130-179-3,gi_ndi,think (= reflect),Romanian,,,
17-140-179-1,socoti,think (= be of the opinion),Romanian,,,
17-140-179-3,crede,think (= be of the opinion),Romanian,,,
17-150-179-1,crede,believe,Romanian,,,
17-160-179-1,i_n__elege,understand,Romanian,,,
17-170-179-1,s_ti,know,Romanian,,,
17-170-179-3,cunoas_te,know,Romanian,,,
17-180-179-1,parea,seem,Romanian,,,
17-210-179-1,i_n__elept,wise,Romanian,,,
17-220-179-1,prost,"foolish, stupid",Romanian,,,
17-220-179-3,neghiob,"foolish, stupid",Romanian,,,
17-220-179-5,dobitoc,"foolish, stupid",Romanian,,,
17-220-179-7,stupid,"foolish, stupid",Romanian,,,
17-230-179-1,nebun,"insane, crazy",Romanian,,,
17-230-179-3,smintit,"insane, crazy",Romanian,,,
17-240-179-1,i_nv____a,learn,Romanian,,,
17-250-179-1,i_nv____a,teach,Romanian,,,
17-260-179-1,elev,pupil,Romanian,,,
17-270-179-1,i_nv______tor,teacher,Romanian,,,
17-280-179-1,s_coal__,school,Romanian,,,
17-310-179-1,s_i aduce aminte,remember,Romanian,,,
17-320-179-1,uita,forget,Romanian,,,
17-340-179-1,clar,"clear, plain",Romanian,,,
17-350-179-1,obscur,obscure,Romanian,,,
17-360-179-1,tainic,secret,Romanian,,,
17-360-179-3,ascuns,secret,Romanian,,,
17-360-179-5,secret,secret,Romanian,,,
17-370-179-1,sigur,"sure, certain",Romanian,,,
17-370-179-3,cert,"sure, certain",Romanian,,,
17-380-179-1,explica,explain,Romanian,,,
17-410-179-1,intent_iune,"intention, purpose",Romanian,,,
17-410-179-3,gi_nd,"intention, purpose",Romanian,,,
17-410-179-5,scop,"intention, purpose",Romanian,,,
17-420-179-1,cauza_,cause,Romanian,,,
17-430-179-1,i_ndoial__,doubt,Romanian,,,
17-440-179-1,ba_nueal__,suspect,Romanian,,,
18-110-179-1,voce,voice,Romanian,,,
18-110-179-3,glas,voice,Romanian,,,
18-120-179-1,ci_nta,sing,Romanian,,,
18-130-179-1,striga,"shout, cry out",Romanian,,,
18-130-179-3,t_ipa,"shout, cry out",Romanian,,,
18-210-179-1,vorbi,"speak, talk",Romanian,,,
18-210-179-3,gra_i,"speak, talk",Romanian,,,
18-210-179-5,cuvi_nta,"speak, talk",Romanian,,,
18-220-179-1,zice,say,Romanian,,,
18-230-179-1,ta_cea,silent (be),Romanian,,,
18-240-179-1,limba_,language,Romanian,,,
18-240-179-3,graiu,language,Romanian,,,
18-260-179-1,cuvi_nt,word,Romanian,,,
18-280-179-1,nume,name,Romanian,,,
18-310-179-1,i_ntreba,"ask (question, inquire)",Romanian,,,
18-320-179-1,ra_spunde,answer,Romanian,,,
18-330-179-1,ma_rturisi,"admit, confess",Romanian,,,
18-340-179-1,nega,deny,Romanian,,,
18-340-179-3,ta_g__dui,deny,Romanian,,,
18-350-179-1,cere,"ask, request",Romanian,,,
18-360-179-1,promite,promise,Romanian,,,
18-360-179-3,fa_g__dui,promise,Romanian,,,
18-370-179-1,refuza,refuse,Romanian,,,
18-380-179-1,opri,forbid,Romanian,,,
18-380-179-3,interzice,forbid,Romanian,,,
18-410-179-1,chema,call (=summon),Romanian,,,
18-420-179-1,chema,call (=name),Romanian,,,
18-430-179-1,anunt_a,announce,Romanian,,,
18-430-179-3,vesti,announce,Romanian,,,
18-440-179-1,amenint_a,threaten,Romanian,,,
18-450-179-1,se la_uda,boast,Romanian,,,
18-450-179-3,se fa_li,boast,Romanian,,,
18-510-179-1,scrie,write,Romanian,,,
18-520-179-1,citi,read,Romanian,,,
18-560-179-1,hi_rtie,paper,Romanian,,,
18-570-179-1,pana_,pen,Romanian,,,
18-570-179-3,condeiu,pen,Romanian,,,
18-610-179-1,carte,book,Romanian,,,
18-670-179-1,poet,poet,Romanian,,,
19-110-179-1,t_ar__,country,Romanian,,,
19-120-179-1,patrie,one's native country,Romanian,,,
19-150-179-1,oras_,"city, town",Romanian,,,
19-160-179-1,sat,village,Romanian,,,
19-170-179-1,hotar,boundary,Romanian,,,
19-170-179-3,frontiera,boundary,Romanian,,,
19-170-179-5,margine,boundary,Romanian,,,
19-210-179-1,popor,people (populace),Romanian,,,
19-210-179-3,norod,people (populace),Romanian,,,
19-230-179-1,trib,"tribe, clan",Romanian,,,
19-230-179-3,semint_ie,"tribe, clan",Romanian,,,
19-310-179-1,guberna,"rule, govern",Romanian,,,
19-310-179-3,ci_rmui,"rule, govern",Romanian,,,
19-320-179-1,rege,"king, ruler",Romanian,,,
19-330-179-1,regina,queen,Romanian,,,
19-360-179-1,nobil,"noble, nobleman",Romanian,,,
19-370-179-1,ceta___ean,"citizen, subject",Romanian,,,
19-410-179-1,sta_pîn1,master,Romanian,,,
19-420-179-1,sclav,slave,Romanian,,,
19-420-179-3,rob,slave,Romanian,,,
19-430-179-1,servitor,servant,Romanian,,,
19-430-179-3,sluga_,servant,Romanian,,,
19-430-179-5,slujnic,servant,Romanian,,,
19-440-179-1,liber,freeman,Romanian,,,
19-440-179-3,slobod,freeman,Romanian,,,
19-450-179-1,comanda,"command, order",Romanian,,,
19-450-179-3,ordona,"command, order",Romanian,,,
19-450-179-5,porunci,"command, order",Romanian,,,
19-460-179-1,asculta,obey,Romanian,,,
19-470-179-1,la_sa,"let, permit",Romanian,,,
19-470-179-3,permite,"let, permit",Romanian,,,
19-510-179-1,amic,"friend, companion",Romanian,,,
19-510-179-3,prieten,"friend, companion",Romanian,,,
19-520-179-1,dus_man,enemy,Romanian,,,
19-540-179-1,vecin,neighbor,Romanian,,,
19-550-179-1,stra_in,stranger,Romanian,,,
19-560-179-1,oaspe(te),guest,Romanian,,,
19-560-179-3,mosafir,guest,Romanian,,,
19-570-179-1,gazda_,host,Romanian,,,
19-580-179-1,ajuta,"help, aid",Romanian,,,
19-590-179-1,i_mpiedeca,"hinder, prevent",Romanian,,,
19-590-179-3,opri,"hinder, prevent",Romanian,,,
19-610-179-1,obiceiu_,custom,Romanian,,,
19-610-179-3,moravuri_,custom,Romanian,,,
19-620-179-1,cearta_,"strife, quarrel",Romanian,,,
19-620-179-3,gi_lceava,"strife, quarrel",Romanian,,,
19-630-179-1,complot,"conspiracy, plot",Romanian,,,
19-630-179-3,conspirat_iune,"conspiracy, plot",Romanian,,,
19-650-179-1,i_ntîlni7,meet,Romanian,,,
19-720-179-1,curva_,prostitute,Romanian,,,
19-720-179-3,prostituata_,prostitute,Romanian,,,
20-110-179-1,combate,fight (vb),Romanian,,,
20-110-179-3,(se) lupta,fight (vb),Romanian,,,
20-130-179-1,ra_zboiu,"war, battle",Romanian,,,
20-140-179-1,pace,peace,Romanian,,,
20-150-179-1,armata_,army,Romanian,,,
20-150-179-3,os_tire (oaste),army,Romanian,,,
20-170-179-1,soldat (ostas_),soldier,Romanian,,,
20-210-179-1,arme,"weapons, arms",Romanian,,,
20-220-179-1,ma_ciuc__,club,Romanian,,,
20-230-179-1,pras_tie,sling,Romanian,,,
20-240-179-1,arc,bow,Romanian,,,
20-250-179-1,sa_geat__,arrow,Romanian,,,
20-260-179-1,lance,spear,Romanian,,,
20-260-179-3,sulit___,spear,Romanian,,,
20-270-179-1,sabie,sword,Romanian,,,
20-270-179-3,spada_,sword,Romanian,,,
20-280-179-1,pus_c__,"gun, cannon",Romanian,,,
20-280-179-3,tun,"gun, cannon",Romanian,,,
20-310-179-1,armura_,armor (defensive),Romanian,,,
20-330-179-1,coif,helmet,Romanian,,,
20-340-179-1,scut,shield,Romanian,,,
20-350-179-1,forta_rea____,fortress,Romanian,,,
20-360-179-1,turn,tower,Romanian,,,
20-410-179-1,victorie,victory,Romanian,,,
20-410-179-3,biruint___,victory,Romanian,,,
20-410-179-5,izbi_nd__,victory,Romanian,,,
20-420-179-1,i_nfrîngere1,defeat,Romanian,,,
20-430-179-1,atac,attack,Romanian,,,
20-440-179-1,apa_rare,defend,Romanian,,,
20-450-179-1,retragere,retreat,Romanian,,,
20-460-179-1,preda,surrender,Romanian,,,
20-470-179-1,captiv,"captive, prisoner",Romanian,,,
20-470-179-3,prizonier,"captive, prisoner",Romanian,,,
20-480-179-1,prada_,"booty, spoils",Romanian,,,
20-490-179-1,pi_nd__,ambush,Romanian,,,
21-110-179-1,drept,law,Romanian,,,
21-150-179-1,tribunal,court,Romanian,,,
21-150-179-3,curte,court,Romanian,,,
21-160-179-1,judeca,judge (vb),Romanian,,,
21-170-179-1,judecata_,judgment,Romanian,,,
21-180-179-1,judeca_tor,judge (noun),Romanian,,,
21-210-179-1,acuzator,plaintiff,Romanian,,,
21-220-179-1,akuzat,defendant,Romanian,,,
21-230-179-1,martor,witness,Romanian,,,
21-240-179-1,jura,swear,Romanian,,,
21-250-179-1,jura_mînt9,oath,Romanian,,,
21-310-179-1,acuza,accuse,Romanian,,,
21-320-179-1,condamna,condemn,Romanian,,,
21-330-179-1,ga_si vinovat,convict (vb),Romanian,,,
21-340-179-1,achita,acquit,Romanian,,,
21-350-179-1,vinovat,guilty,Romanian,,,
21-360-179-1,inocent,innocent,Romanian,,,
21-360-179-3,nevinovat,innocent,Romanian,,,
21-370-179-1,pedeapsa_,"penalty, punishment",Romanian,,,
21-380-179-1,amenda_,fine,Romanian,,,
21-380-179-3,gloaba_,fine,Romanian,,,
21-390-179-1,i_nchisoare,"prison, jail",Romanian,,,
21-420-179-1,omor,murder,Romanian,,,
21-430-179-1,adulter (iu_),adultery,Romanian,,,
21-440-179-1,viol,rape,Romanian,,,
21-460-179-1,incendiu,arson,Romanian,,,
21-470-179-1,sperjur,perjury,Romanian,,,
22-110-179-1,religiune,religion,Romanian,,,
22-110-179-3,religie,religion,Romanian,,,
22-120-179-1,dumnezeu,God,Romanian,,,
22-120-179-3,zeu,God,Romanian,,,
22-130-179-1,templu,"temple, church",Romanian,,,
22-140-179-1,altar,altar,Romanian,,,
22-150-179-1,sacrificiu,"sacrifice, offering",Romanian,,,
22-150-179-3,jertfa_,"sacrifice, offering",Romanian,,,
22-160-179-1,adora,worship,Romanian,,,
22-170-179-1,ruga,pray,Romanian,,,
22-180-179-1,preot,priest,Romanian,,,
22-180-179-3,popa_,priest,Romanian,,,
22-190-179-1,sfi_nt,"holy, sacred",Romanian,,,
22-190-179-3,sacru,"holy, sacred",Romanian,,,
22-220-179-1,predica,preach,Romanian,,,
22-220-179-3,propovedui,preach,Romanian,,,
22-230-179-1,binecuvi_nta,bless,Romanian,,,
22-230-179-3,blagoslovi,bless,Romanian,,,
22-240-179-1,blestema,curse,Romanian,,,
22-260-179-1,posti (ajuna),fast (vb),Romanian,,,
22-310-179-1,cer,heaven,Romanian,,,
22-320-179-1,iad,hell,Romanian,,,
22-350-179-1,demon,demon (evil spirit),Romanian,,,
22-370-179-1,idol,idol,Romanian,,,
22-420-179-1,vra_jitorie,"magic, witchcraft, sorcery",Romanian,,,
22-420-179-3,farmec,"magic, witchcraft, sorcery",Romanian,,,
22-420-179-5,magie,"magic, witchcraft, sorcery",Romanian,,,
22-420-179-7,fapt,"magic, witchcraft, sorcery",Romanian,,,
22-430-179-1,vra_jitoare,"sorcerer, witch",Romanian,,,
22-430-179-3,fermeca_toare,"sorcerer, witch",Romanian,,,
22-440-179-1,zi_n__,"fairy, elf",Romanian,,,
22-440-179-3,ursitoare,"fairy, elf",Romanian,,,
22-450-179-1,stafie,"ghost, phantom",Romanian,,,
22-450-179-3,spectru,"ghost, phantom",Romanian,,,
22-450-179-5,fantoma_,"ghost, phantom",Romanian,,,
22-470-179-1,augur,"omen, portent",Romanian,,,
22-470-179-3,prevestire,"omen, portent",Romanian,,,